BatsMan,OutNotOut,Runs,Balls,Fours,Sixes,SR,Match_ID,Match_Between,Position,Team
Rohit Sharma,Out,47,31,4,3,151.61,ODI # 4705,India vs Australia,1,India
Shubman Gill,Out,4,7,0,0,57.14,ODI # 4705,India vs Australia,2,India
Virat Kohli,Out,54,63,4,0,85.71,ODI # 4705,India vs Australia,3,India
Shreyas Iyer,Out,4,3,1,0,133.33,ODI # 4705,India vs Australia,4,India
KL Rahul,Out,66,107,1,0,61.68,ODI # 4705,India vs Australia,5,India
Ravindra Jadeja,Out,9,22,0,0,40.90,ODI # 4705,India vs Australia,6,India
Suryakumar Yadav,Out,18,28,1,0,64.28,ODI # 4705,India vs Australia,7,India
Mohammed Shami,Out,6,10,1,0,60.00,ODI # 4705,India vs Australia,8,India
Jasprit Bumrah,Out,1,3,0,0,33.33,ODI # 4705,India vs Australia,9,India
Kuldeep Yadav,Out,10,18,0,0,55.55,ODI # 4705,India vs Australia,10,India
Mohammed Siraj,Not Out,9,8,1,0,112.50,ODI # 4705,India vs Australia,11,India
David Warner,Out,7,3,1,0,233.33,ODI # 4705,India vs Australia,1,Australia
Travis Head,Out,137,120,15,4,114.16,ODI # 4705,India vs Australia,2,Australia
Mitchell Marsh,Out,15,15,1,1,100.00,ODI # 4705,India vs Australia,3,Australia
Steven Smith,Out,4,9,1,0,44.44,ODI # 4705,India vs Australia,4,Australia
Marnus Labuschagne,Not Out,58,110,4,0,52.72,ODI # 4705,India vs Australia,5,Australia
Glenn Maxwell,Not Out,2,1,0,0,200.00,ODI # 4705,India vs Australia,6,Australia
Quinton de Kock,Out,3,14,0,0,21.42,ODI # 4704,Australia vs South Africa,1,South Africa
Temba Bavuma,Out,0,4,0,0,0.00,ODI # 4704,Australia vs South Africa,2,South Africa
Rassie van der Dussen,Out,6,31,0,0,19.35,ODI # 4704,Australia vs South Africa,3,South Africa
Aiden Markram,Out,10,20,2,0,50.00,ODI # 4704,Australia vs South Africa,4,South Africa
Heinrich Klaasen,Out,47,48,4,2,97.91,ODI # 4704,Australia vs South Africa,5,South Africa
David Miller,Out,101,116,8,5,87.06,ODI # 4704,Australia vs South Africa,6,South Africa
Marco Jansen,Out,0,1,0,0,0.00,ODI # 4704,Australia vs South Africa,7,South Africa
Gerald Coetzee,Out,19,39,2,0,48.71,ODI # 4704,Australia vs South Africa,8,South Africa
Keshav Maharaj,Out,4,8,0,0,50.00,ODI # 4704,Australia vs South Africa,9,South Africa
Kagiso Rabada,Out,10,12,0,1,83.33,ODI # 4704,Australia vs South Africa,10,South Africa
Tabraiz Shamsi,Not Out,1,5,0,0,20.00,ODI # 4704,Australia vs South Africa,11,South Africa
Travis Head,Out,62,48,9,2,129.16,ODI # 4704,Australia vs South Africa,1,Australia
David Warner,Out,29,18,1,4,161.11,ODI # 4704,Australia vs South Africa,2,Australia
Mitchell Marsh,Out,0,6,0,0,0.00,ODI # 4704,Australia vs South Africa,3,Australia
Steven Smith,Out,30,62,2,0,48.38,ODI # 4704,Australia vs South Africa,4,Australia
Marnus Labuschagne,Out,18,31,2,0,58.06,ODI # 4704,Australia vs South Africa,5,Australia
Glenn Maxwell,Out,1,5,0,0,20.00,ODI # 4704,Australia vs South Africa,6,Australia
Josh Inglis,Out,28,49,3,0,57.14,ODI # 4704,Australia vs South Africa,7,Australia
Mitchell Starc,Not Out,16,38,2,0,42.10,ODI # 4704,Australia vs South Africa,8,Australia
Pat Cummins,Not Out,14,29,2,0,48.27,ODI # 4704,Australia vs South Africa,9,Australia
Rohit Sharma,Out,47,29,4,4,162.06,ODI # 4703,India vs New Zealand,1,India
Shubman Gill,Not Out,80,66,8,3,121.21,ODI # 4703,India vs New Zealand,2,India
Virat Kohli,Out,117,113,9,2,103.53,ODI # 4703,India vs New Zealand,3,India
Shreyas Iyer,Out,105,70,4,8,150.00,ODI # 4703,India vs New Zealand,4,India
KL Rahul,Not Out,39,20,5,2,195.00,ODI # 4703,India vs New Zealand,5,India
Suryakumar Yadav,Out,1,2,0,0,50.00,ODI # 4703,India vs New Zealand,6,India
Devon Conway,Out,13,15,3,0,86.66,ODI # 4703,India vs New Zealand,1,New Zealand
Rachin Ravindra,Out,13,22,3,0,59.09,ODI # 4703,India vs New Zealand,2,New Zealand
Kane Williamson,Out,69,73,8,1,94.52,ODI # 4703,India vs New Zealand,3,New Zealand
Daryl Mitchell,Out,134,119,9,7,112.60,ODI # 4703,India vs New Zealand,4,New Zealand
Tom Latham,Out,0,2,0,0,0.00,ODI # 4703,India vs New Zealand,5,New Zealand
Glenn Phillips,Out,41,33,4,2,124.24,ODI # 4703,India vs New Zealand,6,New Zealand
Mark Chapman,Out,2,5,0,0,40.00,ODI # 4703,India vs New Zealand,7,New Zealand
Mitchell Santner,Out,9,10,0,0,90.00,ODI # 4703,India vs New Zealand,8,New Zealand
Tim Southee,Out,9,10,1,0,90.00,ODI # 4703,India vs New Zealand,9,New Zealand
Trent Boult,Not Out,2,2,0,0,100.00,ODI # 4703,India vs New Zealand,10,New Zealand
Lockie Ferguson,Out,6,3,0,1,200.00,ODI # 4703,India vs New Zealand,11,New Zealand
Rohit Sharma,Out,61,54,8,2,112.96,ODI # 4702,India vs Netherlands,1,India
Shubman Gill,Out,51,32,3,4,159.37,ODI # 4702,India vs Netherlands,2,India
Virat Kohli,Out,51,56,5,1,91.07,ODI # 4702,India vs Netherlands,3,India
Shreyas Iyer,Not Out,128,94,10,5,136.17,ODI # 4702,India vs Netherlands,4,India
KL Rahul,Out,102,64,11,4,159.37,ODI # 4702,India vs Netherlands,5,India
Suryakumar Yadav,Not Out,2,1,0,0,200.00,ODI # 4702,India vs Netherlands,6,India
Wesley Barresi,Out,4,5,0,0,80.00,ODI # 4702,India vs Netherlands,1,Netherlands
Max O'Dowd,Out,30,42,3,1,71.42,ODI # 4702,India vs Netherlands,2,Netherlands
Colin Ackermann,Out,35,32,6,0,109.37,ODI # 4702,India vs Netherlands,3,Netherlands
Sybrand Engelbrecht,Out,45,80,4,0,56.25,ODI # 4702,India vs Netherlands,4,Netherlands
Scott Edwards,Out,17,30,1,0,56.66,ODI # 4702,India vs Netherlands,5,Netherlands
Bas de Leede,Out,12,21,1,0,57.14,ODI # 4702,India vs Netherlands,6,Netherlands
Teja Nidamanuru,Out,54,39,1,6,138.46,ODI # 4702,India vs Netherlands,7,Netherlands
Logan van Beek,Out,16,15,2,0,106.66,ODI # 4702,India vs Netherlands,8,Netherlands
Roelof van der Merwe,Out,16,8,1,2,200.00,ODI # 4702,India vs Netherlands,9,Netherlands
Aryan Dutt,Out,5,11,0,0,45.45,ODI # 4702,India vs Netherlands,10,Netherlands
Paul van Meekeren,Not Out,3,4,0,0,75.00,ODI # 4702,India vs Netherlands,11,Netherlands
Dawid Malan,Out,31,39,5,0,79.48,ODI # 4701,England vs Pakistan,1,England
Jonny Bairstow,Out,59,61,7,1,96.72,ODI # 4701,England vs Pakistan,2,England
Joe Root,Out,60,72,4,0,83.33,ODI # 4701,England vs Pakistan,3,England
Ben Stokes,Out,84,76,11,2,110.52,ODI # 4701,England vs Pakistan,4,England
Jos Buttler,Out,27,18,3,1,150.00,ODI # 4701,England vs Pakistan,5,England
Harry Brook,Out,30,17,2,2,176.47,ODI # 4701,England vs Pakistan,6,England
Moeen Ali,Out,8,6,0,1,133.33,ODI # 4701,England vs Pakistan,7,England
Chris Woakes,Not Out,4,4,1,0,100.00,ODI # 4701,England vs Pakistan,8,England
David Willey,Out,15,5,2,1,300.00,ODI # 4701,England vs Pakistan,9,England
Gus Atkinson,Out,0,1,0,0,0.00,ODI # 4701,England vs Pakistan,10,England
Adil Rashid,Not Out,0,1,0,0,0.00,ODI # 4701,England vs Pakistan,11,England
Abdullah Shafique,Out,0,2,0,0,0.00,ODI # 4701,England vs Pakistan,1,Pakistan
Fakhar Zaman,Out,1,9,0,0,11.11,ODI # 4701,England vs Pakistan,2,Pakistan
Babar Azam,Out,38,45,6,0,84.44,ODI # 4701,England vs Pakistan,3,Pakistan
Mohammad Rizwan,Out,36,51,2,0,70.58,ODI # 4701,England vs Pakistan,4,Pakistan
Saud Shakeel,Out,29,37,4,0,78.37,ODI # 4701,England vs Pakistan,5,Pakistan
Agha Salman,Out,51,45,6,1,113.33,ODI # 4701,England vs Pakistan,6,Pakistan
Iftikhar Ahmed,Out,3,5,0,0,60.00,ODI # 4701,England vs Pakistan,7,Pakistan
Shadab Khan,Out,4,7,1,0,57.14,ODI # 4701,England vs Pakistan,8,Pakistan
Shaheen Shah Afridi,Out,25,23,3,1,108.69,ODI # 4701,England vs Pakistan,9,Pakistan
Mohammad Wasim,Not Out,16,14,2,1,114.28,ODI # 4701,England vs Pakistan,10,Pakistan
Haris Rauf,Out,35,23,3,3,152.17,ODI # 4701,England vs Pakistan,11,Pakistan
Tanzid Hasan,Out,36,34,6,0,105.88,ODI # 4700,Australia vs Bangladesh,1,Bangladesh
Litton Das,Out,36,45,5,0,80.00,ODI # 4700,Australia vs Bangladesh,2,Bangladesh
Najmul Hossain Shanto,Out,45,57,6,0,78.94,ODI # 4700,Australia vs Bangladesh,3,Bangladesh
Towhid Hridoy,Out,74,79,5,2,93.67,ODI # 4700,Australia vs Bangladesh,4,Bangladesh
Mahmudullah,Out,32,28,1,3,114.28,ODI # 4700,Australia vs Bangladesh,5,Bangladesh
Mushfiqur Rahim,Out,21,24,0,1,87.50,ODI # 4700,Australia vs Bangladesh,6,Bangladesh
Mehidy Hasan Miraz,Out,29,20,4,0,145.00,ODI # 4700,Australia vs Bangladesh,7,Bangladesh
Nasum Ahmed,Out,7,11,0,0,63.63,ODI # 4700,Australia vs Bangladesh,8,Bangladesh
Mahedi Hasan,Not Out,2,3,0,0,66.66,ODI # 4700,Australia vs Bangladesh,9,Bangladesh
Taskin Ahmed,Not Out,0,1,0,0,0.00,ODI # 4700,Australia vs Bangladesh,10,Bangladesh
Travis Head,Out,10,11,2,0,90.90,ODI # 4700,Australia vs Bangladesh,1,Australia
David Warner,Out,53,61,6,0,86.88,ODI # 4700,Australia vs Bangladesh,2,Australia
Mitchell Marsh,Not Out,177,132,17,9,134.09,ODI # 4700,Australia vs Bangladesh,3,Australia
Steven Smith,Not Out,63,64,4,1,98.43,ODI # 4700,Australia vs Bangladesh,4,Australia
Rahmanullah Gurbaz,Out,25,22,3,1,113.63,ODI # 4699,Afghanistan vs South Africa,1,Afghanistan
Ibrahim Zadran,Out,15,30,3,0,50.00,ODI # 4699,Afghanistan vs South Africa,2,Afghanistan
Rahmat Shah,Out,26,46,2,0,56.52,ODI # 4699,Afghanistan vs South Africa,3,Afghanistan
Hashmatullah Shahidi,Out,2,7,0,0,28.57,ODI # 4699,Afghanistan vs South Africa,4,Afghanistan
Azmatullah Omarzai,Not Out,97,107,7,3,90.65,ODI # 4699,Afghanistan vs South Africa,5,Afghanistan
Ikram Alikhil,Out,12,14,1,1,85.71,ODI # 4699,Afghanistan vs South Africa,6,Afghanistan
Mohammad Nabi,Out,2,3,0,0,66.66,ODI # 4699,Afghanistan vs South Africa,7,Afghanistan
Rashid Khan,Out,14,30,0,0,46.66,ODI # 4699,Afghanistan vs South Africa,8,Afghanistan
Noor Ahmad,Out,26,32,4,0,81.25,ODI # 4699,Afghanistan vs South Africa,9,Afghanistan
Mujeeb Ur Rahman,Out,8,5,0,1,160.00,ODI # 4699,Afghanistan vs South Africa,10,Afghanistan
Naveen-ul-Haq,Out,2,4,0,0,50.00,ODI # 4699,Afghanistan vs South Africa,11,Afghanistan
Quinton de Kock,Out,41,47,2,3,87.23,ODI # 4699,Afghanistan vs South Africa,1,South Africa
Temba Bavuma,Out,23,28,3,0,82.14,ODI # 4699,Afghanistan vs South Africa,2,South Africa
Rassie van der Dussen,Not Out,76,95,6,1,80.00,ODI # 4699,Afghanistan vs South Africa,3,South Africa
Aiden Markram,Out,25,32,1,1,78.12,ODI # 4699,Afghanistan vs South Africa,4,South Africa
Heinrich Klaasen,Out,10,13,1,0,76.92,ODI # 4699,Afghanistan vs South Africa,5,South Africa
David Miller,Out,24,33,1,1,72.72,ODI # 4699,Afghanistan vs South Africa,6,South Africa
Andile Phehlukwayo,Not Out,39,37,1,3,105.40,ODI # 4699,Afghanistan vs South Africa,7,South Africa
Pathum Nissanka,Out,2,8,0,0,25.00,ODI # 4698,New Zealand vs Sri Lanka,1,Sri Lanka
Kusal Perera,Out,51,28,9,2,182.14,ODI # 4698,New Zealand vs Sri Lanka,2,Sri Lanka
Kusal Mendis,Out,6,7,1,0,85.71,ODI # 4698,New Zealand vs Sri Lanka,3,Sri Lanka
Sadeera Samarawickrama,Out,1,2,0,0,50.00,ODI # 4698,New Zealand vs Sri Lanka,4,Sri Lanka
Charith Asalanka,Out,8,8,1,0,100.00,ODI # 4698,New Zealand vs Sri Lanka,5,Sri Lanka
Angelo Mathews,Out,16,27,2,0,59.25,ODI # 4698,New Zealand vs Sri Lanka,6,Sri Lanka
Dhananjaya de Silva,Out,19,24,2,1,79.16,ODI # 4698,New Zealand vs Sri Lanka,7,Sri Lanka
Chamika Karunaratne,Out,6,17,1,0,35.29,ODI # 4698,New Zealand vs Sri Lanka,8,Sri Lanka
Maheesh Theekshana,Not Out,38,91,3,0,41.75,ODI # 4698,New Zealand vs Sri Lanka,9,Sri Lanka
Dushmantha Chameera,Out,1,20,0,0,5.00,ODI # 4698,New Zealand vs Sri Lanka,10,Sri Lanka
Dilshan Madushanka,Out,19,48,2,0,39.58,ODI # 4698,New Zealand vs Sri Lanka,11,Sri Lanka
Devon Conway,Out,45,42,9,0,107.14,ODI # 4698,New Zealand vs Sri Lanka,1,New Zealand
Rachin Ravindra,Out,42,34,3,3,123.52,ODI # 4698,New Zealand vs Sri Lanka,2,New Zealand
Kane Williamson,Out,14,15,2,0,93.33,ODI # 4698,New Zealand vs Sri Lanka,3,New Zealand
Daryl Mitchell,Out,43,31,5,2,138.70,ODI # 4698,New Zealand vs Sri Lanka,4,New Zealand
Mark Chapman,Out,7,6,1,0,116.66,ODI # 4698,New Zealand vs Sri Lanka,5,New Zealand
Glenn Phillips,Not Out,17,10,3,0,170.00,ODI # 4698,New Zealand vs Sri Lanka,6,New Zealand
Tom Latham,Not Out,2,2,0,0,100.00,ODI # 4698,New Zealand vs Sri Lanka,7,New Zealand
Jonny Bairstow,Out,15,17,2,0,88.23,ODI # 4697,England vs Netherlands,1,England
Dawid Malan,Out,87,74,10,2,117.56,ODI # 4697,England vs Netherlands,2,England
Joe Root,Out,28,35,1,0,80.00,ODI # 4697,England vs Netherlands,3,England
Ben Stokes,Out,108,84,6,6,128.57,ODI # 4697,England vs Netherlands,4,England
Harry Brook,Out,11,16,2,0,68.75,ODI # 4697,England vs Netherlands,5,England
Jos Buttler,Out,5,11,0,0,45.45,ODI # 4697,England vs Netherlands,6,England
Moeen Ali,Out,4,15,0,0,26.66,ODI # 4697,England vs Netherlands,7,England
Chris Woakes,Out,51,45,5,1,113.33,ODI # 4697,England vs Netherlands,8,England
David Willey,Out,6,2,0,1,300.00,ODI # 4697,England vs Netherlands,9,England
Gus Atkinson,Not Out,2,1,0,0,200.00,ODI # 4697,England vs Netherlands,10,England
Adil Rashid,Not Out,1,1,0,0,100.00,ODI # 4697,England vs Netherlands,11,England
Wesley Barresi,Out,37,62,3,1,59.67,ODI # 4697,England vs Netherlands,1,Netherlands
Max O'Dowd,Out,5,11,1,0,45.45,ODI # 4697,England vs Netherlands,2,Netherlands
Colin Ackermann,Out,0,2,0,0,0.00,ODI # 4697,England vs Netherlands,3,Netherlands
Sybrand Engelbrecht,Out,33,49,3,1,67.34,ODI # 4697,England vs Netherlands,4,Netherlands
Scott Edwards,Out,38,42,3,1,90.47,ODI # 4697,England vs Netherlands,5,Netherlands
Bas de Leede,Out,10,12,2,0,83.33,ODI # 4697,England vs Netherlands,6,Netherlands
Teja Nidamanuru,Not Out,41,34,2,3,120.58,ODI # 4697,England vs Netherlands,7,Netherlands
Logan van Beek,Out,2,2,0,0,100.00,ODI # 4697,England vs Netherlands,8,Netherlands
Roelof van der Merwe,Out,0,4,0,0,0.00,ODI # 4697,England vs Netherlands,9,Netherlands
Aryan Dutt,Out,1,3,0,0,33.33,ODI # 4697,England vs Netherlands,10,Netherlands
Paul van Meekeren,Out,4,3,1,0,133.33,ODI # 4697,England vs Netherlands,11,Netherlands
Rahmanullah Gurbaz,Out,21,25,2,0,84.00,ODI # 4696,Afghanistan vs Australia,1,Afghanistan
Ibrahim Zadran,Not Out,129,143,8,3,90.20,ODI # 4696,Afghanistan vs Australia,2,Afghanistan
Rahmat Shah,Out,30,44,1,0,68.18,ODI # 4696,Afghanistan vs Australia,3,Afghanistan
Hashmatullah Shahidi,Out,26,43,2,0,60.46,ODI # 4696,Afghanistan vs Australia,4,Afghanistan
Azmatullah Omarzai,Out,22,18,1,2,122.22,ODI # 4696,Afghanistan vs Australia,5,Afghanistan
Mohammad Nabi,Out,12,10,0,1,120.00,ODI # 4696,Afghanistan vs Australia,6,Afghanistan
Rashid Khan,Not Out,35,18,2,3,194.44,ODI # 4696,Afghanistan vs Australia,7,Afghanistan
David Warner,Out,18,29,3,0,62.06,ODI # 4696,Afghanistan vs Australia,1,Australia
Travis Head,Out,0,2,0,0,0.00,ODI # 4696,Afghanistan vs Australia,2,Australia
Mitchell Marsh,Out,24,11,2,2,218.18,ODI # 4696,Afghanistan vs Australia,3,Australia
Marnus Labuschagne,Out,14,28,2,0,50.00,ODI # 4696,Afghanistan vs Australia,4,Australia
Josh Inglis,Out,0,1,0,0,0.00,ODI # 4696,Afghanistan vs Australia,5,Australia
Glenn Maxwell,Not Out,201,128,21,10,157.03,ODI # 4696,Afghanistan vs Australia,6,Australia
Marcus Stoinis,Out,6,7,1,0,85.71,ODI # 4696,Afghanistan vs Australia,7,Australia
Mitchell Starc,Out,3,7,0,0,42.85,ODI # 4696,Afghanistan vs Australia,8,Australia
Pat Cummins,Not Out,12,68,1,0,17.64,ODI # 4696,Afghanistan vs Australia,9,Australia
Pathum Nissanka,Out,41,36,8,0,113.88,ODI # 4695,Bangladesh vs Sri Lanka,1,Sri Lanka
Kusal Perera,Out,4,5,1,0,80.00,ODI # 4695,Bangladesh vs Sri Lanka,2,Sri Lanka
Kusal Mendis,Out,19,30,1,1,63.33,ODI # 4695,Bangladesh vs Sri Lanka,3,Sri Lanka
Sadeera Samarawickrama,Out,41,42,4,0,97.61,ODI # 4695,Bangladesh vs Sri Lanka,4,Sri Lanka
Charith Asalanka,Out,108,105,6,5,102.85,ODI # 4695,Bangladesh vs Sri Lanka,5,Sri Lanka
Angelo Mathews,Out,0,0,0,0,-,ODI # 4695,Bangladesh vs Sri Lanka,6,Sri Lanka
Dhananjaya de Silva,Out,34,36,4,1,94.44,ODI # 4695,Bangladesh vs Sri Lanka,7,Sri Lanka
Maheesh Theekshana,Out,21,31,3,0,67.74,ODI # 4695,Bangladesh vs Sri Lanka,8,Sri Lanka
Dushmantha Chameera,Out,4,9,0,0,44.44,ODI # 4695,Bangladesh vs Sri Lanka,9,Sri Lanka
Kasun Rajitha,Out,0,2,0,0,0.00,ODI # 4695,Bangladesh vs Sri Lanka,10,Sri Lanka
Dilshan Madushanka,Not Out,0,1,0,0,0.00,ODI # 4695,Bangladesh vs Sri Lanka,11,Sri Lanka
Tanzid Hasan,Out,9,5,2,0,180.00,ODI # 4695,Bangladesh vs Sri Lanka,1,Bangladesh
Litton Das,Out,23,22,2,2,104.54,ODI # 4695,Bangladesh vs Sri Lanka,2,Bangladesh
Najmul Hossain Shanto,Out,90,101,12,0,89.10,ODI # 4695,Bangladesh vs Sri Lanka,3,Bangladesh
Shakib Al Hasan,Out,82,65,12,2,126.15,ODI # 4695,Bangladesh vs Sri Lanka,4,Bangladesh
Mahmudullah,Out,22,23,3,1,95.65,ODI # 4695,Bangladesh vs Sri Lanka,5,Bangladesh
Mushfiqur Rahim,Out,10,13,1,0,76.92,ODI # 4695,Bangladesh vs Sri Lanka,6,Bangladesh
Towhid Hridoy,Not Out,15,7,0,2,214.28,ODI # 4695,Bangladesh vs Sri Lanka,7,Bangladesh
Mehidy Hasan Miraz,Out,3,5,0,0,60.00,ODI # 4695,Bangladesh vs Sri Lanka,8,Bangladesh
Tanzim Hasan Sakib,Not Out,5,6,1,0,83.33,ODI # 4695,Bangladesh vs Sri Lanka,9,Bangladesh
Rohit Sharma,Out,40,24,6,2,166.66,ODI # 4694,India vs South Africa,1,India
Shubman Gill,Out,23,24,4,1,95.83,ODI # 4694,India vs South Africa,2,India
Virat Kohli,Not Out,101,121,10,0,83.47,ODI # 4694,India vs South Africa,3,India
Shreyas Iyer,Out,77,87,7,2,88.50,ODI # 4694,India vs South Africa,4,India
KL Rahul,Out,8,17,0,0,47.05,ODI # 4694,India vs South Africa,5,India
Suryakumar Yadav,Out,22,14,5,0,157.14,ODI # 4694,India vs South Africa,6,India
Ravindra Jadeja,Not Out,29,15,3,1,193.33,ODI # 4694,India vs South Africa,7,India
Quinton de Kock,Out,5,10,1,0,50.00,ODI # 4694,India vs South Africa,1,South Africa
Temba Bavuma,Out,11,19,1,0,57.89,ODI # 4694,India vs South Africa,2,South Africa
Rassie van der Dussen,Out,13,32,1,0,40.62,ODI # 4694,India vs South Africa,3,South Africa
Aiden Markram,Out,9,6,2,0,150.00,ODI # 4694,India vs South Africa,4,South Africa
Heinrich Klaasen,Out,1,11,0,0,9.09,ODI # 4694,India vs South Africa,5,South Africa
David Miller,Out,11,11,2,0,100.00,ODI # 4694,India vs South Africa,6,South Africa
Marco Jansen,Out,14,30,1,0,46.66,ODI # 4694,India vs South Africa,7,South Africa
Keshav Maharaj,Out,7,11,1,0,63.63,ODI # 4694,India vs South Africa,8,South Africa
Kagiso Rabada,Out,6,26,0,0,23.07,ODI # 4694,India vs South Africa,9,South Africa
Lungi Ngidi,Out,0,3,0,0,0.00,ODI # 4694,India vs South Africa,10,South Africa
Tabraiz Shamsi,Not Out,4,4,1,0,100.00,ODI # 4694,India vs South Africa,11,South Africa
Travis Head,Out,11,10,1,0,110.00,ODI # 4693,Australia vs England,1,Australia
David Warner,Out,15,16,1,1,93.75,ODI # 4693,Australia vs England,2,Australia
Steven Smith,Out,44,52,3,0,84.61,ODI # 4693,Australia vs England,3,Australia
Marnus Labuschagne,Out,71,83,7,0,85.54,ODI # 4693,Australia vs England,4,Australia
Josh Inglis,Out,3,6,0,0,50.00,ODI # 4693,Australia vs England,5,Australia
Cameron Green,Out,47,52,5,0,90.38,ODI # 4693,Australia vs England,6,Australia
Marcus Stoinis,Out,35,32,3,2,109.37,ODI # 4693,Australia vs England,7,Australia
Pat Cummins,Out,10,13,1,0,76.92,ODI # 4693,Australia vs England,8,Australia
Mitchell Starc,Out,10,13,0,0,76.92,ODI # 4693,Australia vs England,9,Australia
Adam Zampa,Out,29,19,4,0,152.63,ODI # 4693,Australia vs England,10,Australia
Josh Hazlewood,Not Out,1,1,0,0,100.00,ODI # 4693,Australia vs England,11,Australia
Jonny Bairstow,Out,0,1,0,0,0.00,ODI # 4693,Australia vs England,1,England
Dawid Malan,Out,50,64,4,1,78.12,ODI # 4693,Australia vs England,2,England
Joe Root,Out,13,17,2,0,76.47,ODI # 4693,Australia vs England,3,England
Ben Stokes,Out,64,90,2,3,71.11,ODI # 4693,Australia vs England,4,England
Jos Buttler,Out,1,7,0,0,14.28,ODI # 4693,Australia vs England,5,England
Moeen Ali,Out,42,43,6,0,97.67,ODI # 4693,Australia vs England,6,England
Liam Livingstone,Out,2,5,0,0,40.00,ODI # 4693,Australia vs England,7,England
Chris Woakes,Out,32,33,4,1,96.96,ODI # 4693,Australia vs England,8,England
David Willey,Out,15,14,3,0,107.14,ODI # 4693,Australia vs England,9,England
Adil Rashid,Out,20,15,1,1,133.33,ODI # 4693,Australia vs England,10,England
Mark Wood,Not Out,0,0,0,0,-,ODI # 4693,Australia vs England,11,England
Devon Conway,Out,35,39,6,0,89.74,ODI # 4692,New Zealand vs Pakistan,1,New Zealand
Rachin Ravindra,Out,108,94,15,1,114.89,ODI # 4692,New Zealand vs Pakistan,2,New Zealand
Kane Williamson,Out,95,79,10,2,120.25,ODI # 4692,New Zealand vs Pakistan,3,New Zealand
Daryl Mitchell,Out,29,18,4,1,161.11,ODI # 4692,New Zealand vs Pakistan,4,New Zealand
Mark Chapman,Out,39,27,7,0,144.44,ODI # 4692,New Zealand vs Pakistan,5,New Zealand
Glenn Phillips,Out,41,25,4,2,164.00,ODI # 4692,New Zealand vs Pakistan,6,New Zealand
Mitchell Santner,Not Out,26,17,0,2,152.94,ODI # 4692,New Zealand vs Pakistan,7,New Zealand
Tom Latham,Not Out,2,2,0,0,100.00,ODI # 4692,New Zealand vs Pakistan,8,New Zealand
Abdullah Shafique,Out,4,9,1,0,44.44,ODI # 4692,New Zealand vs Pakistan,1,Pakistan
Fakhar Zaman,Not Out,126,81,8,11,155.55,ODI # 4692,New Zealand vs Pakistan,2,Pakistan
Babar Azam,Not Out,66,63,6,2,104.76,ODI # 4692,New Zealand vs Pakistan,3,Pakistan
Wesley Barresi,Out,1,4,0,0,25.00,ODI # 4691,Afghanistan vs Netherlands,1,Netherlands
Max O'Dowd,Out,42,40,9,0,105.00,ODI # 4691,Afghanistan vs Netherlands,2,Netherlands
Colin Ackermann,Out,29,35,4,0,82.85,ODI # 4691,Afghanistan vs Netherlands,3,Netherlands
Sybrand Engelbrecht,Out,58,86,6,0,67.44,ODI # 4691,Afghanistan vs Netherlands,4,Netherlands
Scott Edwards,Out,0,1,0,0,0.00,ODI # 4691,Afghanistan vs Netherlands,5,Netherlands
Bas de Leede,Out,3,6,0,0,50.00,ODI # 4691,Afghanistan vs Netherlands,6,Netherlands
Saqib Zulfiqar,Out,3,15,0,0,20.00,ODI # 4691,Afghanistan vs Netherlands,7,Netherlands
Logan van Beek,Out,2,13,0,0,15.38,ODI # 4691,Afghanistan vs Netherlands,8,Netherlands
Roelof van der Merwe,Out,11,33,0,0,33.33,ODI # 4691,Afghanistan vs Netherlands,9,Netherlands
Aryan Dutt,Not Out,10,22,0,0,45.45,ODI # 4691,Afghanistan vs Netherlands,10,Netherlands
Paul van Meekeren,Out,4,24,0,0,16.66,ODI # 4691,Afghanistan vs Netherlands,11,Netherlands
Rahmanullah Gurbaz,Out,10,11,2,0,90.90,ODI # 4691,Afghanistan vs Netherlands,1,Afghanistan
Ibrahim Zadran,Out,20,34,2,0,58.82,ODI # 4691,Afghanistan vs Netherlands,2,Afghanistan
Rahmat Shah,Out,52,54,8,0,96.29,ODI # 4691,Afghanistan vs Netherlands,3,Afghanistan
Hashmatullah Shahidi,Not Out,56,64,6,0,87.50,ODI # 4691,Afghanistan vs Netherlands,4,Afghanistan
Azmatullah Omarzai,Not Out,31,28,3,0,110.71,ODI # 4691,Afghanistan vs Netherlands,5,Afghanistan
Rohit Sharma,Out,4,2,1,0,200.00,ODI # 4690,India vs Sri Lanka,1,India
Shubman Gill,Out,92,92,11,2,100.00,ODI # 4690,India vs Sri Lanka,2,India
Virat Kohli,Out,88,94,11,0,93.61,ODI # 4690,India vs Sri Lanka,3,India
Shreyas Iyer,Out,82,56,3,6,146.42,ODI # 4690,India vs Sri Lanka,4,India
KL Rahul,Out,21,19,2,0,110.52,ODI # 4690,India vs Sri Lanka,5,India
Suryakumar Yadav,Out,12,9,2,0,133.33,ODI # 4690,India vs Sri Lanka,6,India
Ravindra Jadeja,Out,35,24,1,1,145.83,ODI # 4690,India vs Sri Lanka,7,India
Mohammed Shami,Out,2,4,0,0,50.00,ODI # 4690,India vs Sri Lanka,8,India
Jasprit Bumrah,Not Out,1,1,0,0,100.00,ODI # 4690,India vs Sri Lanka,9,India
Pathum Nissanka,Out,0,1,0,0,0.00,ODI # 4690,India vs Sri Lanka,1,Sri Lanka
Dimuth Karunaratne,Out,0,1,0,0,0.00,ODI # 4690,India vs Sri Lanka,2,Sri Lanka
Kusal Mendis,Out,1,10,0,0,10.00,ODI # 4690,India vs Sri Lanka,3,Sri Lanka
Sadeera Samarawickrama,Out,0,4,0,0,0.00,ODI # 4690,India vs Sri Lanka,4,Sri Lanka
Charith Asalanka,Out,1,24,0,0,4.16,ODI # 4690,India vs Sri Lanka,5,Sri Lanka
Angelo Mathews,Out,12,25,1,0,48.00,ODI # 4690,India vs Sri Lanka,6,Sri Lanka
Dushan Hemantha,Out,0,1,0,0,0.00,ODI # 4690,India vs Sri Lanka,7,Sri Lanka
Dushmantha Chameera,Out,0,6,0,0,0.00,ODI # 4690,India vs Sri Lanka,8,Sri Lanka
Maheesh Theekshana,Not Out,12,23,2,0,52.17,ODI # 4690,India vs Sri Lanka,9,Sri Lanka
Kasun Rajitha,Out,14,17,2,0,82.35,ODI # 4690,India vs Sri Lanka,10,Sri Lanka
Dilshan Madushanka,Out,5,6,1,0,83.33,ODI # 4690,India vs Sri Lanka,11,Sri Lanka
Quinton de Kock,Out,114,116,10,3,98.27,ODI # 4689,New Zealand vs South Africa,1,South Africa
Temba Bavuma,Out,24,28,4,1,85.71,ODI # 4689,New Zealand vs South Africa,2,South Africa
Rassie van der Dussen,Out,133,118,9,5,112.71,ODI # 4689,New Zealand vs South Africa,3,South Africa
David Miller,Out,53,30,2,4,176.66,ODI # 4689,New Zealand vs South Africa,4,South Africa
Heinrich Klaasen,Not Out,15,7,1,1,214.28,ODI # 4689,New Zealand vs South Africa,5,South Africa
Aiden Markram,Not Out,6,1,0,1,600.00,ODI # 4689,New Zealand vs South Africa,6,South Africa
Devon Conway,Out,2,6,0,0,33.33,ODI # 4689,New Zealand vs South Africa,1,New Zealand
Will Young,Out,33,37,5,0,89.18,ODI # 4689,New Zealand vs South Africa,2,New Zealand
Rachin Ravindra,Out,9,16,1,0,56.25,ODI # 4689,New Zealand vs South Africa,3,New Zealand
Daryl Mitchell,Out,24,30,4,0,80.00,ODI # 4689,New Zealand vs South Africa,4,New Zealand
Tom Latham,Out,4,15,0,0,26.66,ODI # 4689,New Zealand vs South Africa,5,New Zealand
Glenn Phillips,Out,60,50,4,4,120.00,ODI # 4689,New Zealand vs South Africa,6,New Zealand
Mitchell Santner,Out,7,18,1,0,38.88,ODI # 4689,New Zealand vs South Africa,7,New Zealand
Tim Southee,Out,7,11,1,0,63.63,ODI # 4689,New Zealand vs South Africa,8,New Zealand
James Neesham,Out,0,8,0,0,0.00,ODI # 4689,New Zealand vs South Africa,9,New Zealand
Trent Boult,Out,9,14,1,0,64.28,ODI # 4689,New Zealand vs South Africa,10,New Zealand
Matt Henry,Not Out,0,9,0,0,0.00,ODI # 4689,New Zealand vs South Africa,11,New Zealand
Tanzid Hasan,Out,0,5,0,0,0.00,ODI # 4688,Bangladesh vs Pakistan,1,Bangladesh
Litton Das,Out,45,64,6,0,70.31,ODI # 4688,Bangladesh vs Pakistan,2,Bangladesh
Najmul Hossain Shanto,Out,4,3,1,0,133.33,ODI # 4688,Bangladesh vs Pakistan,3,Bangladesh
Mushfiqur Rahim,Out,5,8,1,0,62.50,ODI # 4688,Bangladesh vs Pakistan,4,Bangladesh
Mahmudullah,Out,56,70,6,1,80.00,ODI # 4688,Bangladesh vs Pakistan,5,Bangladesh
Shakib Al Hasan,Out,43,64,4,0,67.18,ODI # 4688,Bangladesh vs Pakistan,6,Bangladesh
Towhid Hridoy,Out,7,3,0,1,233.33,ODI # 4688,Bangladesh vs Pakistan,7,Bangladesh
Mehidy Hasan Miraz,Out,25,30,1,1,83.33,ODI # 4688,Bangladesh vs Pakistan,8,Bangladesh
Taskin Ahmed,Out,6,13,0,0,46.15,ODI # 4688,Bangladesh vs Pakistan,9,Bangladesh
Mustafizur Rahman,Out,3,7,0,0,42.85,ODI # 4688,Bangladesh vs Pakistan,10,Bangladesh
Shoriful Islam,Not Out,1,4,0,0,25.00,ODI # 4688,Bangladesh vs Pakistan,11,Bangladesh
Abdullah Shafique,Out,68,69,9,2,98.55,ODI # 4688,Bangladesh vs Pakistan,1,Pakistan
Fakhar Zaman,Out,81,74,3,7,109.45,ODI # 4688,Bangladesh vs Pakistan,2,Pakistan
Babar Azam,Out,9,16,1,0,56.25,ODI # 4688,Bangladesh vs Pakistan,3,Pakistan
Mohammad Rizwan,Not Out,26,21,4,0,123.80,ODI # 4688,Bangladesh vs Pakistan,4,Pakistan
Iftikhar Ahmed,Not Out,17,15,2,0,113.33,ODI # 4688,Bangladesh vs Pakistan,5,Pakistan
Pathum Nissanka,Out,46,60,5,0,76.66,ODI # 4687,Afghanistan vs Sri Lanka,1,Sri Lanka
Dimuth Karunaratne,Out,15,21,1,0,71.42,ODI # 4687,Afghanistan vs Sri Lanka,2,Sri Lanka
Kusal Mendis,Out,39,50,3,0,78.00,ODI # 4687,Afghanistan vs Sri Lanka,3,Sri Lanka
Sadeera Samarawickrama,Out,36,40,3,0,90.00,ODI # 4687,Afghanistan vs Sri Lanka,4,Sri Lanka
Charith Asalanka,Out,22,28,2,0,78.57,ODI # 4687,Afghanistan vs Sri Lanka,5,Sri Lanka
Dhananjaya de Silva,Out,14,26,1,0,53.84,ODI # 4687,Afghanistan vs Sri Lanka,6,Sri Lanka
Angelo Mathews,Out,23,26,1,1,88.46,ODI # 4687,Afghanistan vs Sri Lanka,7,Sri Lanka
Dushmantha Chameera,Out,1,4,0,0,25.00,ODI # 4687,Afghanistan vs Sri Lanka,8,Sri Lanka
Maheesh Theekshana,Out,29,31,3,1,93.54,ODI # 4687,Afghanistan vs Sri Lanka,9,Sri Lanka
Kasun Rajitha,Out,5,7,0,0,71.42,ODI # 4687,Afghanistan vs Sri Lanka,10,Sri Lanka
Dilshan Madushanka,Not Out,0,4,0,0,0.00,ODI # 4687,Afghanistan vs Sri Lanka,11,Sri Lanka
Rahmanullah Gurbaz,Out,0,4,0,0,0.00,ODI # 4687,Afghanistan vs Sri Lanka,1,Afghanistan
Ibrahim Zadran,Out,39,57,4,1,68.42,ODI # 4687,Afghanistan vs Sri Lanka,2,Afghanistan
Rahmat Shah,Out,62,74,7,0,83.78,ODI # 4687,Afghanistan vs Sri Lanka,3,Afghanistan
Hashmatullah Shahidi,Not Out,58,74,2,1,78.37,ODI # 4687,Afghanistan vs Sri Lanka,4,Afghanistan
Azmatullah Omarzai,Not Out,73,63,6,3,115.87,ODI # 4687,Afghanistan vs Sri Lanka,5,Afghanistan
Rohit Sharma,Out,87,101,10,3,86.13,ODI # 4686,India vs England,1,India
Shubman Gill,Out,9,13,1,0,69.23,ODI # 4686,India vs England,2,India
Virat Kohli,Out,0,9,0,0,0.00,ODI # 4686,India vs England,3,India
Shreyas Iyer,Out,4,16,0,0,25.00,ODI # 4686,India vs England,4,India
KL Rahul,Out,39,58,3,0,67.24,ODI # 4686,India vs England,5,India
Suryakumar Yadav,Out,49,47,4,1,104.25,ODI # 4686,India vs England,6,India
Ravindra Jadeja,Out,8,13,0,0,61.53,ODI # 4686,India vs England,7,India
Mohammed Shami,Out,1,5,0,0,20.00,ODI # 4686,India vs England,8,India
Jasprit Bumrah,Out,16,25,1,0,64.00,ODI # 4686,India vs England,9,India
Kuldeep Yadav,Not Out,9,13,1,0,69.23,ODI # 4686,India vs England,10,India
Jonny Bairstow,Out,14,23,2,0,60.86,ODI # 4686,India vs England,1,England
Dawid Malan,Out,16,17,2,1,94.11,ODI # 4686,India vs England,2,England
Joe Root,Out,0,1,0,0,0.00,ODI # 4686,India vs England,3,England
Ben Stokes,Out,0,10,0,0,0.00,ODI # 4686,India vs England,4,England
Jos Buttler,Out,10,23,1,0,43.47,ODI # 4686,India vs England,5,England
Moeen Ali,Out,15,31,0,0,48.38,ODI # 4686,India vs England,6,England
Liam Livingstone,Out,27,46,2,0,58.69,ODI # 4686,India vs England,7,England
Chris Woakes,Out,10,20,1,0,50.00,ODI # 4686,India vs England,8,England
David Willey,Not Out,16,17,0,2,94.11,ODI # 4686,India vs England,9,England
Adil Rashid,Out,13,20,2,0,65.00,ODI # 4686,India vs England,10,England
Mark Wood,Out,0,1,0,0,0.00,ODI # 4686,India vs England,11,England
Vikramjit Singh,Out,3,9,0,0,33.33,ODI # 4685,Bangladesh vs Netherlands,1,Netherlands
Max O'Dowd,Out,0,3,0,0,0.00,ODI # 4685,Bangladesh vs Netherlands,2,Netherlands
Wesley Barresi,Out,41,41,8,0,100.00,ODI # 4685,Bangladesh vs Netherlands,3,Netherlands
Colin Ackermann,Out,15,33,1,0,45.45,ODI # 4685,Bangladesh vs Netherlands,4,Netherlands
Scott Edwards,Out,68,89,6,0,76.40,ODI # 4685,Bangladesh vs Netherlands,5,Netherlands
Bas de Leede,Out,17,32,2,0,53.12,ODI # 4685,Bangladesh vs Netherlands,6,Netherlands
Sybrand Engelbrecht,Out,35,61,3,0,57.37,ODI # 4685,Bangladesh vs Netherlands,7,Netherlands
Logan van Beek,Not Out,23,16,2,1,143.75,ODI # 4685,Bangladesh vs Netherlands,8,Netherlands
Shariz Ahmad,Out,6,8,0,0,75.00,ODI # 4685,Bangladesh vs Netherlands,9,Netherlands
Aryan Dutt,Out,9,6,0,1,150.00,ODI # 4685,Bangladesh vs Netherlands,10,Netherlands
Paul van Meekeren,Out,0,2,0,0,0.00,ODI # 4685,Bangladesh vs Netherlands,11,Netherlands
Litton Das,Out,3,12,0,0,25.00,ODI # 4685,Bangladesh vs Netherlands,1,Bangladesh
Tanzid Hasan,Out,15,16,3,0,93.75,ODI # 4685,Bangladesh vs Netherlands,2,Bangladesh
Mehidy Hasan Miraz,Out,35,40,5,1,87.50,ODI # 4685,Bangladesh vs Netherlands,3,Bangladesh
Najmul Hossain Shanto,Out,9,18,2,0,50.00,ODI # 4685,Bangladesh vs Netherlands,4,Bangladesh
Shakib Al Hasan,Out,5,14,0,0,35.71,ODI # 4685,Bangladesh vs Netherlands,5,Bangladesh
Mushfiqur Rahim,Out,1,5,0,0,20.00,ODI # 4685,Bangladesh vs Netherlands,6,Bangladesh
Mahmudullah,Out,20,41,2,0,48.78,ODI # 4685,Bangladesh vs Netherlands,7,Bangladesh
Mahedi Hasan,Out,17,38,1,0,44.73,ODI # 4685,Bangladesh vs Netherlands,8,Bangladesh
Taskin Ahmed,Out,11,35,1,0,31.42,ODI # 4685,Bangladesh vs Netherlands,9,Bangladesh
Mustafizur Rahman,Out,20,35,2,1,57.14,ODI # 4685,Bangladesh vs Netherlands,10,Bangladesh
Shoriful Islam,Not Out,0,0,0,0,-,ODI # 4685,Bangladesh vs Netherlands,11,Bangladesh
David Warner,Out,81,65,5,6,124.61,ODI # 4684,Australia vs New Zealand,1,Australia
Travis Head,Out,109,67,10,7,162.68,ODI # 4684,Australia vs New Zealand,2,Australia
Mitchell Marsh,Out,36,51,2,0,70.58,ODI # 4684,Australia vs New Zealand,3,Australia
Steven Smith,Out,18,17,2,0,105.88,ODI # 4684,Australia vs New Zealand,4,Australia
Marnus Labuschagne,Out,18,26,2,0,69.23,ODI # 4684,Australia vs New Zealand,5,Australia
Glenn Maxwell,Out,41,24,5,2,170.83,ODI # 4684,Australia vs New Zealand,6,Australia
Josh Inglis,Out,38,28,4,1,135.71,ODI # 4684,Australia vs New Zealand,7,Australia
Pat Cummins,Out,37,14,2,4,264.28,ODI # 4684,Australia vs New Zealand,8,Australia
Mitchell Starc,Out,1,3,0,0,33.33,ODI # 4684,Australia vs New Zealand,9,Australia
Adam Zampa,Out,0,3,0,0,0.00,ODI # 4684,Australia vs New Zealand,10,Australia
Josh Hazlewood,Not Out,0,0,0,0,-,ODI # 4684,Australia vs New Zealand,11,Australia
Devon Conway,Out,28,17,6,0,164.70,ODI # 4684,Australia vs New Zealand,1,New Zealand
Will Young,Out,32,37,4,1,86.48,ODI # 4684,Australia vs New Zealand,2,New Zealand
Rachin Ravindra,Out,116,89,9,5,130.33,ODI # 4684,Australia vs New Zealand,3,New Zealand
Daryl Mitchell,Out,54,51,6,1,105.88,ODI # 4684,Australia vs New Zealand,4,New Zealand
Tom Latham,Out,21,22,2,0,95.45,ODI # 4684,Australia vs New Zealand,5,New Zealand
Glenn Phillips,Out,12,16,1,0,75.00,ODI # 4684,Australia vs New Zealand,6,New Zealand
James Neesham,Out,58,39,3,3,148.71,ODI # 4684,Australia vs New Zealand,7,New Zealand
Mitchell Santner,Out,17,12,1,1,141.66,ODI # 4684,Australia vs New Zealand,8,New Zealand
Matt Henry,Out,9,8,1,0,112.50,ODI # 4684,Australia vs New Zealand,9,New Zealand
Trent Boult,Not Out,10,8,0,1,125.00,ODI # 4684,Australia vs New Zealand,10,New Zealand
Lockie Ferguson,Not Out,0,1,0,0,0.00,ODI # 4684,Australia vs New Zealand,11,New Zealand
Abdullah Shafique,Out,9,17,1,0,52.94,ODI # 4683,Pakistan vs South Africa,1,Pakistan
Imam-ul-Haq,Out,12,18,2,0,66.66,ODI # 4683,Pakistan vs South Africa,2,Pakistan
Babar Azam,Out,50,65,4,1,76.92,ODI # 4683,Pakistan vs South Africa,3,Pakistan
Mohammad Rizwan,Out,31,27,4,1,114.81,ODI # 4683,Pakistan vs South Africa,4,Pakistan
Iftikhar Ahmed,Out,21,31,1,1,67.74,ODI # 4683,Pakistan vs South Africa,5,Pakistan
Saud Shakeel,Out,52,52,7,0,100.00,ODI # 4683,Pakistan vs South Africa,6,Pakistan
Shadab Khan,Out,43,36,3,2,119.44,ODI # 4683,Pakistan vs South Africa,7,Pakistan
Mohammad Nawaz,Out,24,24,1,2,100.00,ODI # 4683,Pakistan vs South Africa,8,Pakistan
Shaheen Shah Afridi,Out,2,4,0,0,50.00,ODI # 4683,Pakistan vs South Africa,9,Pakistan
Mohammad Wasim,Out,7,9,0,1,77.77,ODI # 4683,Pakistan vs South Africa,10,Pakistan
Haris Rauf,Not Out,0,1,0,0,0.00,ODI # 4683,Pakistan vs South Africa,11,Pakistan
Temba Bavuma,Out,28,27,4,1,103.70,ODI # 4683,Pakistan vs South Africa,1,South Africa
Quinton de Kock,Out,24,14,5,0,171.42,ODI # 4683,Pakistan vs South Africa,2,South Africa
Rassie van der Dussen,Out,21,39,0,0,53.84,ODI # 4683,Pakistan vs South Africa,3,South Africa
Aiden Markram,Out,91,93,7,3,97.84,ODI # 4683,Pakistan vs South Africa,4,South Africa
Heinrich Klaasen,Out,12,10,0,1,120.00,ODI # 4683,Pakistan vs South Africa,5,South Africa
David Miller,Out,29,33,2,2,87.87,ODI # 4683,Pakistan vs South Africa,6,South Africa
Marco Jansen,Out,20,14,2,1,142.85,ODI # 4683,Pakistan vs South Africa,7,South Africa
Gerald Coetzee,Out,10,13,0,0,76.92,ODI # 4683,Pakistan vs South Africa,8,South Africa
Keshav Maharaj,Not Out,7,21,1,0,33.33,ODI # 4683,Pakistan vs South Africa,9,South Africa
Lungi Ngidi,Out,4,14,0,0,28.57,ODI # 4683,Pakistan vs South Africa,10,South Africa
Tabraiz Shamsi,Not Out,4,6,0,0,66.66,ODI # 4683,Pakistan vs South Africa,11,South Africa
Jonny Bairstow,Out,30,31,3,0,96.77,ODI # 4682,England vs Sri Lanka,1,England
Dawid Malan,Out,28,25,6,0,112.00,ODI # 4682,England vs Sri Lanka,2,England
Joe Root,Out,3,10,0,0,30.00,ODI # 4682,England vs Sri Lanka,3,England
Ben Stokes,Out,43,73,6,0,58.90,ODI # 4682,England vs Sri Lanka,4,England
Jos Buttler,Out,8,6,1,0,133.33,ODI # 4682,England vs Sri Lanka,5,England
Liam Livingstone,Out,1,6,0,0,16.66,ODI # 4682,England vs Sri Lanka,6,England
Moeen Ali,Out,15,15,1,0,100.00,ODI # 4682,England vs Sri Lanka,7,England
Chris Woakes,Out,0,4,0,0,0.00,ODI # 4682,England vs Sri Lanka,8,England
David Willey,Not Out,14,17,1,1,82.35,ODI # 4682,England vs Sri Lanka,9,England
Adil Rashid,Out,2,7,0,0,28.57,ODI # 4682,England vs Sri Lanka,10,England
Mark Wood,Out,5,6,1,0,83.33,ODI # 4682,England vs Sri Lanka,11,England
Pathum Nissanka,Not Out,77,83,7,2,92.77,ODI # 4682,England vs Sri Lanka,1,Sri Lanka
Kusal Perera,Out,4,5,1,0,80.00,ODI # 4682,England vs Sri Lanka,2,Sri Lanka
Kusal Mendis,Out,11,12,2,0,91.66,ODI # 4682,England vs Sri Lanka,3,Sri Lanka
Sadeera Samarawickrama,Not Out,65,54,7,1,120.37,ODI # 4682,England vs Sri Lanka,4,Sri Lanka
Mitchell Marsh,Out,9,15,2,0,60.00,ODI # 4681,Australia vs Netherlands,1,Australia
David Warner,Out,104,93,11,3,111.82,ODI # 4681,Australia vs Netherlands,2,Australia
Steven Smith,Out,71,68,9,1,104.41,ODI # 4681,Australia vs Netherlands,3,Australia
Marnus Labuschagne,Out,62,47,7,2,131.91,ODI # 4681,Australia vs Netherlands,4,Australia
Josh Inglis,Out,14,12,1,1,116.66,ODI # 4681,Australia vs Netherlands,5,Australia
Glenn Maxwell,Out,106,44,9,8,240.90,ODI # 4681,Australia vs Netherlands,6,Australia
Cameron Green,Out,8,11,1,0,72.72,ODI # 4681,Australia vs Netherlands,7,Australia
Pat Cummins,Not Out,12,9,2,0,133.33,ODI # 4681,Australia vs Netherlands,8,Australia
Mitchell Starc,Out,0,1,0,0,0.00,ODI # 4681,Australia vs Netherlands,9,Australia
Adam Zampa,Not Out,1,1,0,0,100.00,ODI # 4681,Australia vs Netherlands,10,Australia
Vikramjit Singh,Out,25,25,6,0,100.00,ODI # 4681,Australia vs Netherlands,1,Netherlands
Max O'Dowd,Out,6,9,1,0,66.66,ODI # 4681,Australia vs Netherlands,2,Netherlands
Colin Ackermann,Out,10,11,2,0,90.90,ODI # 4681,Australia vs Netherlands,3,Netherlands
Sybrand Engelbrecht,Out,11,21,1,0,52.38,ODI # 4681,Australia vs Netherlands,4,Netherlands
Bas de Leede,Out,4,7,1,0,57.14,ODI # 4681,Australia vs Netherlands,5,Netherlands
Scott Edwards,Not Out,12,22,0,0,54.54,ODI # 4681,Australia vs Netherlands,6,Netherlands
Teja Nidamanuru,Out,14,18,2,0,77.77,ODI # 4681,Australia vs Netherlands,7,Netherlands
Logan van Beek,Out,0,3,0,0,0.00,ODI # 4681,Australia vs Netherlands,8,Netherlands
Roelof van der Merwe,Out,0,1,0,0,0.00,ODI # 4681,Australia vs Netherlands,9,Netherlands
Aryan Dutt,Out,1,8,0,0,12.50,ODI # 4681,Australia vs Netherlands,10,Netherlands
Paul van Meekeren,Out,0,1,0,0,0.00,ODI # 4681,Australia vs Netherlands,11,Netherlands
Quinton de Kock,Out,174,140,15,7,124.28,ODI # 4680,Bangladesh vs South Africa,1,South Africa
Reeza Hendricks,Out,12,19,1,0,63.15,ODI # 4680,Bangladesh vs South Africa,2,South Africa
Rassie van der Dussen,Out,1,7,0,0,14.28,ODI # 4680,Bangladesh vs South Africa,3,South Africa
Aiden Markram,Out,60,69,7,0,86.95,ODI # 4680,Bangladesh vs South Africa,4,South Africa
Heinrich Klaasen,Out,90,49,2,8,183.67,ODI # 4680,Bangladesh vs South Africa,5,South Africa
David Miller,Not Out,34,15,1,4,226.66,ODI # 4680,Bangladesh vs South Africa,6,South Africa
Marco Jansen,Not Out,1,1,0,0,100.00,ODI # 4680,Bangladesh vs South Africa,7,South Africa
Tanzid Hasan,Out,12,17,1,0,70.58,ODI # 4680,Bangladesh vs South Africa,1,Bangladesh
Litton Das,Out,22,44,3,1,50.00,ODI # 4680,Bangladesh vs South Africa,2,Bangladesh
Najmul Hossain Shanto,Out,0,1,0,0,0.00,ODI # 4680,Bangladesh vs South Africa,3,Bangladesh
Shakib Al Hasan,Out,1,4,0,0,25.00,ODI # 4680,Bangladesh vs South Africa,4,Bangladesh
Mushfiqur Rahim,Out,8,17,1,0,47.05,ODI # 4680,Bangladesh vs South Africa,5,Bangladesh
Mahmudullah,Out,111,111,11,4,100.00,ODI # 4680,Bangladesh vs South Africa,6,Bangladesh
Mehidy Hasan Miraz,Out,11,19,1,0,57.89,ODI # 4680,Bangladesh vs South Africa,7,Bangladesh
Nasum Ahmed,Out,19,19,3,0,100.00,ODI # 4680,Bangladesh vs South Africa,8,Bangladesh
Hasan Mahmud,Out,15,25,2,0,60.00,ODI # 4680,Bangladesh vs South Africa,9,Bangladesh
Mustafizur Rahman,Out,11,21,2,0,52.38,ODI # 4680,Bangladesh vs South Africa,10,Bangladesh
Shoriful Islam,Not Out,6,4,1,0,150.00,ODI # 4680,Bangladesh vs South Africa,11,Bangladesh
Abdullah Shafique,Out,58,75,5,2,77.33,ODI # 4679,Afghanistan vs Pakistan,1,Pakistan
Imam-ul-Haq,Out,17,22,2,0,77.27,ODI # 4679,Afghanistan vs Pakistan,2,Pakistan
Babar Azam,Out,74,92,4,1,80.43,ODI # 4679,Afghanistan vs Pakistan,3,Pakistan
Mohammad Rizwan,Out,8,10,0,1,80.00,ODI # 4679,Afghanistan vs Pakistan,4,Pakistan
Saud Shakeel,Out,25,34,3,0,73.52,ODI # 4679,Afghanistan vs Pakistan,5,Pakistan
Shadab Khan,Out,40,38,1,1,105.26,ODI # 4679,Afghanistan vs Pakistan,6,Pakistan
Iftikhar Ahmed,Out,40,27,2,4,148.14,ODI # 4679,Afghanistan vs Pakistan,7,Pakistan
Shaheen Shah Afridi,Not Out,3,3,0,0,100.00,ODI # 4679,Afghanistan vs Pakistan,8,Pakistan
Rahmanullah Gurbaz,Out,65,53,9,1,122.64,ODI # 4679,Afghanistan vs Pakistan,1,Afghanistan
Ibrahim Zadran,Out,87,113,10,0,76.99,ODI # 4679,Afghanistan vs Pakistan,2,Afghanistan
Rahmat Shah,Not Out,77,84,5,2,91.66,ODI # 4679,Afghanistan vs Pakistan,3,Afghanistan
Hashmatullah Shahidi,Not Out,48,45,4,0,106.66,ODI # 4679,Afghanistan vs Pakistan,4,Afghanistan
Devon Conway,Out,0,9,0,0,0.00,ODI # 4678,India vs New Zealand,1,New Zealand
Will Young,Out,17,27,3,0,62.96,ODI # 4678,India vs New Zealand,2,New Zealand
Rachin Ravindra,Out,75,87,6,1,86.20,ODI # 4678,India vs New Zealand,3,New Zealand
Daryl Mitchell,Out,130,127,9,5,102.36,ODI # 4678,India vs New Zealand,4,New Zealand
Tom Latham,Out,5,7,1,0,71.42,ODI # 4678,India vs New Zealand,5,New Zealand
Glenn Phillips,Out,23,26,0,1,88.46,ODI # 4678,India vs New Zealand,6,New Zealand
Mark Chapman,Out,6,8,0,0,75.00,ODI # 4678,India vs New Zealand,7,New Zealand
Mitchell Santner,Out,1,2,0,0,50.00,ODI # 4678,India vs New Zealand,8,New Zealand
Matt Henry,Out,0,1,0,0,0.00,ODI # 4678,India vs New Zealand,9,New Zealand
Lockie Ferguson,Out,1,5,0,0,20.00,ODI # 4678,India vs New Zealand,10,New Zealand
Trent Boult,Not Out,0,1,0,0,0.00,ODI # 4678,India vs New Zealand,11,New Zealand
Rohit Sharma,Out,46,40,4,4,115.00,ODI # 4678,India vs New Zealand,1,India
Shubman Gill,Out,26,31,5,0,83.87,ODI # 4678,India vs New Zealand,2,India
Virat Kohli,Out,95,104,8,2,91.34,ODI # 4678,India vs New Zealand,3,India
Shreyas Iyer,Out,33,29,6,0,113.79,ODI # 4678,India vs New Zealand,4,India
KL Rahul,Out,27,35,3,0,77.14,ODI # 4678,India vs New Zealand,5,India
Suryakumar Yadav,Out,2,4,0,0,50.00,ODI # 4678,India vs New Zealand,6,India
Ravindra Jadeja,Not Out,39,44,3,1,88.63,ODI # 4678,India vs New Zealand,7,India
Mohammed Shami,Not Out,1,1,0,0,100.00,ODI # 4678,India vs New Zealand,8,India
Quinton de Kock,Out,4,2,1,0,200.00,ODI # 4677,England vs South Africa,1,South Africa
Reeza Hendricks,Out,85,75,9,3,113.33,ODI # 4677,England vs South Africa,2,South Africa
Rassie van der Dussen,Out,60,61,8,0,98.36,ODI # 4677,England vs South Africa,3,South Africa
Aiden Markram,Out,42,44,4,0,95.45,ODI # 4677,England vs South Africa,4,South Africa
Heinrich Klaasen,Out,109,67,12,4,162.68,ODI # 4677,England vs South Africa,5,South Africa
David Miller,Out,5,6,1,0,83.33,ODI # 4677,England vs South Africa,6,South Africa
Marco Jansen,Not Out,75,42,3,6,178.57,ODI # 4677,England vs South Africa,7,South Africa
Gerald Coetzee,Out,3,3,0,0,100.00,ODI # 4677,England vs South Africa,8,South Africa
Keshav Maharaj,Not Out,1,1,0,0,100.00,ODI # 4677,England vs South Africa,9,South Africa
Jonny Bairstow,Out,10,12,1,1,83.33,ODI # 4677,England vs South Africa,1,England
Dawid Malan,Out,6,11,1,0,54.54,ODI # 4677,England vs South Africa,2,England
Joe Root,Out,2,6,0,0,33.33,ODI # 4677,England vs South Africa,3,England
Ben Stokes,Out,5,8,1,0,62.50,ODI # 4677,England vs South Africa,4,England
Harry Brook,Out,17,25,2,1,68.00,ODI # 4677,England vs South Africa,5,England
Jos Buttler,Out,15,7,2,1,214.28,ODI # 4677,England vs South Africa,6,England
David Willey,Out,12,12,1,1,100.00,ODI # 4677,England vs South Africa,7,England
Adil Rashid,Out,10,14,1,0,71.42,ODI # 4677,England vs South Africa,8,England
Gus Atkinson,Out,35,21,7,0,166.66,ODI # 4677,England vs South Africa,9,England
Mark Wood,Not Out,43,17,2,5,252.94,ODI # 4677,England vs South Africa,10,England
Reece Topley,Out,-,-,-,-,-,ODI # 4677,England vs South Africa,11,England
Vikramjit Singh,Out,4,13,1,0,30.76,ODI # 4676,Netherlands vs Sri Lanka,1,Netherlands
Max O'Dowd,Out,16,27,1,1,59.25,ODI # 4676,Netherlands vs Sri Lanka,2,Netherlands
Colin Ackermann,Out,29,31,5,0,93.54,ODI # 4676,Netherlands vs Sri Lanka,3,Netherlands
Bas de Leede,Out,6,21,0,0,28.57,ODI # 4676,Netherlands vs Sri Lanka,4,Netherlands
Teja Nidamanuru,Out,9,16,0,0,56.25,ODI # 4676,Netherlands vs Sri Lanka,5,Netherlands
Scott Edwards,Out,16,16,0,0,100.00,ODI # 4676,Netherlands vs Sri Lanka,6,Netherlands
Sybrand Engelbrecht,Out,70,82,4,1,85.36,ODI # 4676,Netherlands vs Sri Lanka,7,Netherlands
Logan van Beek,Out,59,75,1,1,78.66,ODI # 4676,Netherlands vs Sri Lanka,8,Netherlands
Roelof van der Merwe,Out,7,7,0,0,100.00,ODI # 4676,Netherlands vs Sri Lanka,9,Netherlands
Aryan Dutt,Not Out,9,6,1,0,150.00,ODI # 4676,Netherlands vs Sri Lanka,10,Netherlands
Paul van Meekeren,Out,4,5,0,0,80.00,ODI # 4676,Netherlands vs Sri Lanka,11,Netherlands
Pathum Nissanka,Out,54,52,9,0,103.84,ODI # 4676,Netherlands vs Sri Lanka,1,Sri Lanka
Kusal Perera,Out,5,8,1,0,62.50,ODI # 4676,Netherlands vs Sri Lanka,2,Sri Lanka
Kusal Mendis,Out,11,17,2,0,64.70,ODI # 4676,Netherlands vs Sri Lanka,3,Sri Lanka
Sadeera Samarawickrama,Not Out,91,107,7,0,85.04,ODI # 4676,Netherlands vs Sri Lanka,4,Sri Lanka
Charith Asalanka,Out,44,66,2,1,66.66,ODI # 4676,Netherlands vs Sri Lanka,5,Sri Lanka
Dhananjaya de Silva,Out,30,37,1,2,81.08,ODI # 4676,Netherlands vs Sri Lanka,6,Sri Lanka
Dushan Hemantha,Not Out,4,3,1,0,133.33,ODI # 4676,Netherlands vs Sri Lanka,7,Sri Lanka
David Warner,Out,163,124,14,9,131.45,ODI # 4675,Australia vs Pakistan,1,Australia
Mitchell Marsh,Out,121,108,10,9,112.03,ODI # 4675,Australia vs Pakistan,2,Australia
Glenn Maxwell,Out,0,1,0,0,0.00,ODI # 4675,Australia vs Pakistan,3,Australia
Steven Smith,Out,7,9,0,0,77.77,ODI # 4675,Australia vs Pakistan,4,Australia
Marcus Stoinis,Out,21,24,1,1,87.50,ODI # 4675,Australia vs Pakistan,5,Australia
Josh Inglis,Out,13,9,3,0,144.44,ODI # 4675,Australia vs Pakistan,6,Australia
Marnus Labuschagne,Out,8,12,1,0,66.66,ODI # 4675,Australia vs Pakistan,7,Australia
Pat Cummins,Not Out,6,8,0,0,75.00,ODI # 4675,Australia vs Pakistan,8,Australia
Mitchell Starc,Out,2,3,0,0,66.66,ODI # 4675,Australia vs Pakistan,9,Australia
Josh Hazlewood,Out,0,1,0,0,0.00,ODI # 4675,Australia vs Pakistan,10,Australia
Adam Zampa,Not Out,1,1,0,0,100.00,ODI # 4675,Australia vs Pakistan,11,Australia
Abdullah Shafique,Out,64,61,7,2,104.91,ODI # 4675,Australia vs Pakistan,1,Pakistan
Imam-ul-Haq,Out,70,71,10,0,98.59,ODI # 4675,Australia vs Pakistan,2,Pakistan
Babar Azam,Out,18,14,3,0,128.57,ODI # 4675,Australia vs Pakistan,3,Pakistan
Mohammad Rizwan,Out,46,40,5,0,115.00,ODI # 4675,Australia vs Pakistan,4,Pakistan
Saud Shakeel,Out,30,31,5,0,96.77,ODI # 4675,Australia vs Pakistan,5,Pakistan
Iftikhar Ahmed,Out,26,20,0,3,130.00,ODI # 4675,Australia vs Pakistan,6,Pakistan
Mohammad Nawaz,Out,14,16,0,1,87.50,ODI # 4675,Australia vs Pakistan,7,Pakistan
Usama Mir,Out,0,3,0,0,0.00,ODI # 4675,Australia vs Pakistan,8,Pakistan
Shaheen Shah Afridi,Out,10,8,2,0,125.00,ODI # 4675,Australia vs Pakistan,9,Pakistan
Hasan Ali,Out,8,8,2,0,100.00,ODI # 4675,Australia vs Pakistan,10,Pakistan
Haris Rauf,Not Out,0,1,0,0,0.00,ODI # 4675,Australia vs Pakistan,11,Pakistan
Tanzid Hasan,Out,51,43,5,3,118.60,ODI # 4674,India vs Bangladesh,1,Bangladesh
Litton Das,Out,66,82,7,0,80.48,ODI # 4674,India vs Bangladesh,2,Bangladesh
Najmul Hossain Shanto,Out,8,17,0,0,47.05,ODI # 4674,India vs Bangladesh,3,Bangladesh
Mehidy Hasan Miraz,Out,3,13,0,0,23.07,ODI # 4674,India vs Bangladesh,4,Bangladesh
Towhid Hridoy,Out,16,35,0,0,45.71,ODI # 4674,India vs Bangladesh,5,Bangladesh
Mushfiqur Rahim,Out,38,46,1,1,82.60,ODI # 4674,India vs Bangladesh,6,Bangladesh
Mahmudullah,Out,46,36,3,3,127.77,ODI # 4674,India vs Bangladesh,7,Bangladesh
Nasum Ahmed,Out,14,18,2,0,77.77,ODI # 4674,India vs Bangladesh,8,Bangladesh
Mustafizur Rahman,Not Out,1,7,0,0,14.28,ODI # 4674,India vs Bangladesh,9,Bangladesh
Shoriful Islam,Not Out,7,3,0,1,233.33,ODI # 4674,India vs Bangladesh,10,Bangladesh
Rohit Sharma,Out,48,40,7,2,120.00,ODI # 4674,India vs Bangladesh,1,India
Shubman Gill,Out,53,55,5,2,96.36,ODI # 4674,India vs Bangladesh,2,India
Virat Kohli,Not Out,103,97,6,4,106.18,ODI # 4674,India vs Bangladesh,3,India
Shreyas Iyer,Out,19,25,2,0,76.00,ODI # 4674,India vs Bangladesh,4,India
KL Rahul,Not Out,34,34,3,1,100.00,ODI # 4674,India vs Bangladesh,5,India
Devon Conway,Out,20,18,3,0,111.11,ODI # 4673,Afghanistan vs New Zealand,1,New Zealand
Will Young,Out,54,64,4,3,84.37,ODI # 4673,Afghanistan vs New Zealand,2,New Zealand
Rachin Ravindra,Out,32,41,2,1,78.04,ODI # 4673,Afghanistan vs New Zealand,3,New Zealand
Daryl Mitchell,Out,1,7,0,0,14.28,ODI # 4673,Afghanistan vs New Zealand,4,New Zealand
Tom Latham,Out,68,74,3,2,91.89,ODI # 4673,Afghanistan vs New Zealand,5,New Zealand
Glenn Phillips,Out,71,80,4,4,88.75,ODI # 4673,Afghanistan vs New Zealand,6,New Zealand
Mark Chapman,Not Out,25,12,2,1,208.33,ODI # 4673,Afghanistan vs New Zealand,7,New Zealand
Mitchell Santner,Not Out,7,5,1,0,140.00,ODI # 4673,Afghanistan vs New Zealand,8,New Zealand
Rahmanullah Gurbaz,Out,11,21,0,1,52.38,ODI # 4673,Afghanistan vs New Zealand,1,Afghanistan
Ibrahim Zadran,Out,14,15,2,0,93.33,ODI # 4673,Afghanistan vs New Zealand,2,Afghanistan
Rahmat Shah,Out,36,62,1,0,58.06,ODI # 4673,Afghanistan vs New Zealand,3,Afghanistan
Hashmatullah Shahidi,Out,8,29,1,0,27.58,ODI # 4673,Afghanistan vs New Zealand,4,Afghanistan
Azmatullah Omarzai,Out,27,32,2,0,84.37,ODI # 4673,Afghanistan vs New Zealand,5,Afghanistan
Ikram Alikhil,Not Out,19,21,3,0,90.47,ODI # 4673,Afghanistan vs New Zealand,6,Afghanistan
Mohammad Nabi,Out,7,9,1,0,77.77,ODI # 4673,Afghanistan vs New Zealand,7,Afghanistan
Rashid Khan,Out,8,13,0,1,61.53,ODI # 4673,Afghanistan vs New Zealand,8,Afghanistan
Mujeeb Ur Rahman,Out,4,3,1,0,133.33,ODI # 4673,Afghanistan vs New Zealand,9,Afghanistan
Naveen-ul-Haq,Out,0,1,0,0,0.00,ODI # 4673,Afghanistan vs New Zealand,10,Afghanistan
Fazalhaq Farooqi,Out,0,2,0,0,0.00,ODI # 4673,Afghanistan vs New Zealand,11,Afghanistan
Vikramjit Singh,Out,2,16,0,0,12.50,ODI # 4672,Netherlands vs South Africa,1,Netherlands
Max O'Dowd,Out,18,25,4,0,72.00,ODI # 4672,Netherlands vs South Africa,2,Netherlands
Colin Ackermann,Out,12,25,1,0,48.00,ODI # 4672,Netherlands vs South Africa,3,Netherlands
Bas de Leede,Out,2,7,0,0,28.57,ODI # 4672,Netherlands vs South Africa,4,Netherlands
Sybrand Engelbrecht,Out,19,37,1,1,51.35,ODI # 4672,Netherlands vs South Africa,5,Netherlands
Teja Nidamanuru,Out,20,25,3,0,80.00,ODI # 4672,Netherlands vs South Africa,6,Netherlands
Scott Edwards,Not Out,78,69,10,1,113.04,ODI # 4672,Netherlands vs South Africa,7,Netherlands
Logan van Beek,Out,10,27,1,0,37.03,ODI # 4672,Netherlands vs South Africa,8,Netherlands
Roelof van der Merwe,Out,29,19,3,1,152.63,ODI # 4672,Netherlands vs South Africa,9,Netherlands
Aryan Dutt,Not Out,23,9,0,3,255.55,ODI # 4672,Netherlands vs South Africa,10,Netherlands
Temba Bavuma,Out,16,31,2,1,51.61,ODI # 4672,Netherlands vs South Africa,1,South Africa
Quinton de Kock,Out,20,22,3,0,90.90,ODI # 4672,Netherlands vs South Africa,2,South Africa
Rassie van der Dussen,Out,4,7,0,0,57.14,ODI # 4672,Netherlands vs South Africa,3,South Africa
Aiden Markram,Out,1,3,0,0,33.33,ODI # 4672,Netherlands vs South Africa,4,South Africa
Heinrich Klaasen,Out,28,28,4,0,100.00,ODI # 4672,Netherlands vs South Africa,5,South Africa
David Miller,Out,43,52,4,1,82.69,ODI # 4672,Netherlands vs South Africa,6,South Africa
Marco Jansen,Out,9,25,0,0,36.00,ODI # 4672,Netherlands vs South Africa,7,South Africa
Gerald Coetzee,Out,22,23,2,1,95.65,ODI # 4672,Netherlands vs South Africa,8,South Africa
Keshav Maharaj,Out,40,37,5,1,108.10,ODI # 4672,Netherlands vs South Africa,9,South Africa
Kagiso Rabada,Out,9,6,0,1,150.00,ODI # 4672,Netherlands vs South Africa,10,South Africa
Lungi Ngidi,Not Out,7,24,0,0,29.16,ODI # 4672,Netherlands vs South Africa,11,South Africa
Pathum Nissanka,Out,61,67,8,0,91.04,ODI # 4671,Australia vs Sri Lanka,1,Sri Lanka
Kusal Perera,Out,78,82,12,0,95.12,ODI # 4671,Australia vs Sri Lanka,2,Sri Lanka
Kusal Mendis,Out,9,13,0,0,69.23,ODI # 4671,Australia vs Sri Lanka,3,Sri Lanka
Sadeera Samarawickrama,Out,8,8,1,0,100.00,ODI # 4671,Australia vs Sri Lanka,4,Sri Lanka
Charith Asalanka,Out,25,39,0,1,64.10,ODI # 4671,Australia vs Sri Lanka,5,Sri Lanka
Dhananjaya de Silva,Out,7,13,1,0,53.84,ODI # 4671,Australia vs Sri Lanka,6,Sri Lanka
Dunith Wellalage,Out,2,9,0,0,22.22,ODI # 4671,Australia vs Sri Lanka,7,Sri Lanka
Chamika Karunaratne,Out,2,11,0,0,18.18,ODI # 4671,Australia vs Sri Lanka,8,Sri Lanka
Maheesh Theekshana,Out,0,5,0,0,0.00,ODI # 4671,Australia vs Sri Lanka,9,Sri Lanka
Lahiru Kumara,Out,4,8,1,0,50.00,ODI # 4671,Australia vs Sri Lanka,10,Sri Lanka
Dilshan Madushanka,Not Out,0,6,0,0,0.00,ODI # 4671,Australia vs Sri Lanka,11,Sri Lanka
Mitchell Marsh,Out,52,51,9,0,101.96,ODI # 4671,Australia vs Sri Lanka,1,Australia
David Warner,Out,11,6,0,1,183.33,ODI # 4671,Australia vs Sri Lanka,2,Australia
Steven Smith,Out,0,5,0,0,0.00,ODI # 4671,Australia vs Sri Lanka,3,Australia
Marnus Labuschagne,Out,40,60,2,0,66.66,ODI # 4671,Australia vs Sri Lanka,4,Australia
Josh Inglis,Out,58,59,5,1,98.30,ODI # 4671,Australia vs Sri Lanka,5,Australia
Glenn Maxwell,Not Out,31,21,4,2,147.61,ODI # 4671,Australia vs Sri Lanka,6,Australia
Marcus Stoinis,Not Out,20,10,2,1,200.00,ODI # 4671,Australia vs Sri Lanka,7,Australia
Rahmanullah Gurbaz,Out,80,57,8,4,140.35,ODI # 4670,Afghanistan vs England,1,Afghanistan
Ibrahim Zadran,Out,28,48,3,0,58.33,ODI # 4670,Afghanistan vs England,2,Afghanistan
Rahmat Shah,Out,3,8,0,0,37.50,ODI # 4670,Afghanistan vs England,3,Afghanistan
Hashmatullah Shahidi,Out,14,36,0,0,38.88,ODI # 4670,Afghanistan vs England,4,Afghanistan
Azmatullah Omarzai,Out,19,24,1,1,79.16,ODI # 4670,Afghanistan vs England,5,Afghanistan
Ikram Alikhil,Out,58,66,3,2,87.87,ODI # 4670,Afghanistan vs England,6,Afghanistan
Mohammad Nabi,Out,9,15,1,0,60.00,ODI # 4670,Afghanistan vs England,7,Afghanistan
Rashid Khan,Out,23,22,3,0,104.54,ODI # 4670,Afghanistan vs England,8,Afghanistan
Mujeeb Ur Rahman,Out,28,16,3,1,175.00,ODI # 4670,Afghanistan vs England,9,Afghanistan
Naveen-ul-Haq,Out,5,6,1,0,83.33,ODI # 4670,Afghanistan vs England,10,Afghanistan
Fazalhaq Farooqi,Not Out,2,4,0,0,50.00,ODI # 4670,Afghanistan vs England,11,Afghanistan
Jonny Bairstow,Out,2,4,0,0,50.00,ODI # 4670,Afghanistan vs England,1,England
Dawid Malan,Out,32,39,4,0,82.05,ODI # 4670,Afghanistan vs England,2,England
Joe Root,Out,11,17,2,0,64.70,ODI # 4670,Afghanistan vs England,3,England
Harry Brook,Out,66,61,7,1,108.19,ODI # 4670,Afghanistan vs England,4,England
Jos Buttler,Out,9,18,1,0,50.00,ODI # 4670,Afghanistan vs England,5,England
Liam Livingstone,Out,10,14,1,0,71.42,ODI # 4670,Afghanistan vs England,6,England
Sam Curran,Out,10,23,0,0,43.47,ODI # 4670,Afghanistan vs England,7,England
Chris Woakes,Out,9,26,1,0,34.61,ODI # 4670,Afghanistan vs England,8,England
Adil Rashid,Out,20,13,2,0,153.84,ODI # 4670,Afghanistan vs England,9,England
Mark Wood,Out,18,22,3,0,81.81,ODI # 4670,Afghanistan vs England,10,England
Reece Topley,Not Out,15,7,3,0,214.28,ODI # 4670,Afghanistan vs England,11,England
Abdullah Shafique,Out,20,24,3,0,83.33,ODI # 4669,India vs Pakistan,1,Pakistan
Imam-ul-Haq,Out,36,38,6,0,94.73,ODI # 4669,India vs Pakistan,2,Pakistan
Babar Azam,Out,50,58,7,0,86.20,ODI # 4669,India vs Pakistan,3,Pakistan
Mohammad Rizwan,Out,49,69,7,0,71.01,ODI # 4669,India vs Pakistan,4,Pakistan
Saud Shakeel,Out,6,10,0,0,60.00,ODI # 4669,India vs Pakistan,5,Pakistan
Iftikhar Ahmed,Out,4,4,1,0,100.00,ODI # 4669,India vs Pakistan,6,Pakistan
Shadab Khan,Out,2,5,0,0,40.00,ODI # 4669,India vs Pakistan,7,Pakistan
Mohammad Nawaz,Out,4,14,0,0,28.57,ODI # 4669,India vs Pakistan,8,Pakistan
Hasan Ali,Out,12,19,2,0,63.15,ODI # 4669,India vs Pakistan,9,Pakistan
Shaheen Shah Afridi,Not Out,2,10,0,0,20.00,ODI # 4669,India vs Pakistan,10,Pakistan
Haris Rauf,Out,2,6,0,0,33.33,ODI # 4669,India vs Pakistan,11,Pakistan
Rohit Sharma,Out,86,63,6,6,136.50,ODI # 4669,India vs Pakistan,1,India
Shubman Gill,Out,16,11,4,0,145.45,ODI # 4669,India vs Pakistan,2,India
Virat Kohli,Out,16,18,3,0,88.88,ODI # 4669,India vs Pakistan,3,India
Shreyas Iyer,Not Out,53,62,3,2,85.48,ODI # 4669,India vs Pakistan,4,India
KL Rahul,Not Out,19,29,2,0,65.51,ODI # 4669,India vs Pakistan,5,India
Litton Das,Out,0,1,0,0,0.00,ODI # 4668,Bangladesh vs New Zealand,1,Bangladesh
Tanzid Hasan,Out,16,17,4,0,94.11,ODI # 4668,Bangladesh vs New Zealand,2,Bangladesh
Mehidy Hasan Miraz,Out,30,46,4,0,65.21,ODI # 4668,Bangladesh vs New Zealand,3,Bangladesh
Najmul Hossain Shanto,Out,7,8,1,0,87.50,ODI # 4668,Bangladesh vs New Zealand,4,Bangladesh
Shakib Al Hasan,Out,40,51,3,2,78.43,ODI # 4668,Bangladesh vs New Zealand,5,Bangladesh
Mushfiqur Rahim,Out,66,75,6,2,88.00,ODI # 4668,Bangladesh vs New Zealand,6,Bangladesh
Towhid Hridoy,Out,13,25,0,0,52.00,ODI # 4668,Bangladesh vs New Zealand,7,Bangladesh
Mahmudullah,Not Out,41,49,2,2,83.67,ODI # 4668,Bangladesh vs New Zealand,8,Bangladesh
Taskin Ahmed,Out,17,19,0,2,89.47,ODI # 4668,Bangladesh vs New Zealand,9,Bangladesh
Mustafizur Rahman,Out,4,10,0,0,40.00,ODI # 4668,Bangladesh vs New Zealand,10,Bangladesh
Shoriful Islam,Not Out,2,3,0,0,66.66,ODI # 4668,Bangladesh vs New Zealand,11,Bangladesh
Devon Conway,Out,45,59,3,0,76.27,ODI # 4668,Bangladesh vs New Zealand,1,New Zealand
Rachin Ravindra,Out,9,13,2,0,69.23,ODI # 4668,Bangladesh vs New Zealand,2,New Zealand
Kane Williamson,Out,78,107,8,1,72.89,ODI # 4668,Bangladesh vs New Zealand,3,New Zealand
Daryl Mitchell,Not Out,89,67,6,4,132.83,ODI # 4668,Bangladesh vs New Zealand,4,New Zealand
Glenn Phillips,Not Out,16,11,1,1,145.45,ODI # 4668,Bangladesh vs New Zealand,5,New Zealand
Quinton de Kock,Out,109,106,8,5,102.83,ODI # 4667,Australia vs South Africa,1,South Africa
Temba Bavuma,Out,35,55,2,0,63.63,ODI # 4667,Australia vs South Africa,2,South Africa
Rassie van der Dussen,Out,26,30,2,0,86.66,ODI # 4667,Australia vs South Africa,3,South Africa
Aiden Markram,Out,56,44,7,1,127.27,ODI # 4667,Australia vs South Africa,4,South Africa
Heinrich Klaasen,Out,29,27,3,0,107.40,ODI # 4667,Australia vs South Africa,5,South Africa
David Miller,Out,17,13,1,1,130.76,ODI # 4667,Australia vs South Africa,6,South Africa
Marco Jansen,Out,26,22,3,1,118.18,ODI # 4667,Australia vs South Africa,7,South Africa
Kagiso Rabada,Not Out,0,1,0,0,0.00,ODI # 4667,Australia vs South Africa,8,South Africa
Keshav Maharaj,Not Out,0,2,0,0,0.00,ODI # 4667,Australia vs South Africa,9,South Africa
Mitchell Marsh,Out,7,15,0,0,46.66,ODI # 4667,Australia vs South Africa,1,Australia
David Warner,Out,13,27,2,0,48.14,ODI # 4667,Australia vs South Africa,2,Australia
Steven Smith,Out,19,16,4,0,118.75,ODI # 4667,Australia vs South Africa,3,Australia
Marnus Labuschagne,Out,46,74,3,0,62.16,ODI # 4667,Australia vs South Africa,4,Australia
Josh Inglis,Out,5,4,1,0,125.00,ODI # 4667,Australia vs South Africa,5,Australia
Glenn Maxwell,Out,3,17,0,0,17.64,ODI # 4667,Australia vs South Africa,6,Australia
Marcus Stoinis,Out,5,4,1,0,125.00,ODI # 4667,Australia vs South Africa,7,Australia
Mitchell Starc,Out,27,51,3,0,52.94,ODI # 4667,Australia vs South Africa,8,Australia
Pat Cummins,Out,22,21,4,0,104.76,ODI # 4667,Australia vs South Africa,9,Australia
Adam Zampa,Not Out,11,16,1,0,68.75,ODI # 4667,Australia vs South Africa,10,Australia
Josh Hazlewood,Out,2,2,0,0,100.00,ODI # 4667,Australia vs South Africa,11,Australia
Rahmanullah Gurbaz,Out,21,28,3,1,75.00,ODI # 4666,India vs Afghanistan,1,Afghanistan
Ibrahim Zadran,Out,22,28,4,0,78.57,ODI # 4666,India vs Afghanistan,2,Afghanistan
Rahmat Shah,Out,16,22,3,0,72.72,ODI # 4666,India vs Afghanistan,3,Afghanistan
Hashmatullah Shahidi,Out,80,88,8,1,90.90,ODI # 4666,India vs Afghanistan,4,Afghanistan
Azmatullah Omarzai,Out,62,69,2,4,89.85,ODI # 4666,India vs Afghanistan,5,Afghanistan
Mohammad Nabi,Out,19,27,1,0,70.37,ODI # 4666,India vs Afghanistan,6,Afghanistan
Najibullah Zadran,Out,2,8,0,0,25.00,ODI # 4666,India vs Afghanistan,7,Afghanistan
Rashid Khan,Out,16,12,1,1,133.33,ODI # 4666,India vs Afghanistan,8,Afghanistan
Mujeeb Ur Rahman,Not Out,10,12,2,0,83.33,ODI # 4666,India vs Afghanistan,9,Afghanistan
Naveen-ul-Haq,Not Out,9,8,1,0,112.50,ODI # 4666,India vs Afghanistan,10,Afghanistan
Rohit Sharma,Out,131,84,16,5,155.95,ODI # 4666,India vs Afghanistan,1,India
Ishan Kishan,Out,47,47,5,2,100.00,ODI # 4666,India vs Afghanistan,2,India
Virat Kohli,Not Out,55,56,6,0,98.21,ODI # 4666,India vs Afghanistan,3,India
Shreyas Iyer,Not Out,25,23,1,1,108.69,ODI # 4666,India vs Afghanistan,4,India
Pathum Nissanka,Out,51,61,7,1,83.60,ODI # 4665,Pakistan vs Sri Lanka,1,Sri Lanka
Kusal Perera,Out,0,4,0,0,0.00,ODI # 4665,Pakistan vs Sri Lanka,2,Sri Lanka
Kusal Mendis,Out,122,77,14,6,158.44,ODI # 4665,Pakistan vs Sri Lanka,3,Sri Lanka
Sadeera Samarawickrama,Out,108,89,11,2,121.34,ODI # 4665,Pakistan vs Sri Lanka,4,Sri Lanka
Charith Asalanka,Out,1,3,0,0,33.33,ODI # 4665,Pakistan vs Sri Lanka,5,Sri Lanka
Dhananjaya de Silva,Out,25,34,3,0,73.52,ODI # 4665,Pakistan vs Sri Lanka,6,Sri Lanka
Dasun Shanaka,Out,12,18,0,0,66.66,ODI # 4665,Pakistan vs Sri Lanka,7,Sri Lanka
Dunith Wellalage,Out,10,8,1,0,125.00,ODI # 4665,Pakistan vs Sri Lanka,8,Sri Lanka
Maheesh Theekshana,Out,0,4,0,0,0.00,ODI # 4665,Pakistan vs Sri Lanka,9,Sri Lanka
Matheesha Pathirana,Not Out,1,3,0,0,33.33,ODI # 4665,Pakistan vs Sri Lanka,10,Sri Lanka
Abdullah Shafique,Out,113,103,10,3,109.70,ODI # 4665,Pakistan vs Sri Lanka,1,Pakistan
Imam-ul-Haq,Out,12,12,1,0,100.00,ODI # 4665,Pakistan vs Sri Lanka,2,Pakistan
Babar Azam,Out,10,15,1,0,66.66,ODI # 4665,Pakistan vs Sri Lanka,3,Pakistan
Mohammad Rizwan,Not Out,131,121,8,3,108.26,ODI # 4665,Pakistan vs Sri Lanka,4,Pakistan
Saud Shakeel,Out,31,30,2,0,103.33,ODI # 4665,Pakistan vs Sri Lanka,5,Pakistan
Iftikhar Ahmed,Not Out,22,10,4,0,220.00,ODI # 4665,Pakistan vs Sri Lanka,6,Pakistan
Jonny Bairstow,Out,52,59,8,0,88.13,ODI # 4664,Bangladesh vs England,1,England
Dawid Malan,Out,140,107,16,5,130.84,ODI # 4664,Bangladesh vs England,2,England
Joe Root,Out,82,68,8,1,120.58,ODI # 4664,Bangladesh vs England,3,England
Jos Buttler,Out,20,10,1,1,200.00,ODI # 4664,Bangladesh vs England,4,England
Harry Brook,Out,20,15,3,0,133.33,ODI # 4664,Bangladesh vs England,5,England
Liam Livingstone,Out,0,1,0,0,0.00,ODI # 4664,Bangladesh vs England,6,England
Sam Curran,Out,11,15,1,0,73.33,ODI # 4664,Bangladesh vs England,7,England
Chris Woakes,Out,14,11,2,0,127.27,ODI # 4664,Bangladesh vs England,8,England
Adil Rashid,Out,11,7,1,0,157.14,ODI # 4664,Bangladesh vs England,9,England
Mark Wood,Not Out,6,5,1,0,120.00,ODI # 4664,Bangladesh vs England,10,England
Reece Topley,Not Out,1,2,0,0,50.00,ODI # 4664,Bangladesh vs England,11,England
Litton Das,Out,76,66,7,2,115.15,ODI # 4664,Bangladesh vs England,1,Bangladesh
Tanzid Hasan,Out,1,2,0,0,50.00,ODI # 4664,Bangladesh vs England,2,Bangladesh
Najmul Hossain Shanto,Out,0,1,0,0,0.00,ODI # 4664,Bangladesh vs England,3,Bangladesh
Shakib Al Hasan,Out,1,9,0,0,11.11,ODI # 4664,Bangladesh vs England,4,Bangladesh
Mehidy Hasan Miraz,Out,8,7,1,0,114.28,ODI # 4664,Bangladesh vs England,5,Bangladesh
Mushfiqur Rahim,Out,51,64,4,0,79.68,ODI # 4664,Bangladesh vs England,6,Bangladesh
Towhid Hridoy,Out,39,61,2,0,63.93,ODI # 4664,Bangladesh vs England,7,Bangladesh
Mahedi Hasan,Out,14,32,1,0,43.75,ODI # 4664,Bangladesh vs England,8,Bangladesh
Taskin Ahmed,Out,15,25,0,1,60.00,ODI # 4664,Bangladesh vs England,9,Bangladesh
Shoriful Islam,Out,12,14,2,0,85.71,ODI # 4664,Bangladesh vs England,10,Bangladesh
Mustafizur Rahman,Not Out,3,9,0,0,33.33,ODI # 4664,Bangladesh vs England,11,Bangladesh
Devon Conway,Out,32,40,5,1,80.00,ODI # 4663,Netherlands vs New Zealand,1,New Zealand
Will Young,Out,70,80,7,2,87.50,ODI # 4663,Netherlands vs New Zealand,2,New Zealand
Rachin Ravindra,Out,51,51,3,1,100.00,ODI # 4663,Netherlands vs New Zealand,3,New Zealand
Daryl Mitchell,Out,48,47,5,2,102.12,ODI # 4663,Netherlands vs New Zealand,4,New Zealand
Tom Latham,Out,53,46,6,1,115.21,ODI # 4663,Netherlands vs New Zealand,5,New Zealand
Glenn Phillips,Out,4,4,1,0,100.00,ODI # 4663,Netherlands vs New Zealand,6,New Zealand
Mark Chapman,Out,5,13,0,0,38.46,ODI # 4663,Netherlands vs New Zealand,7,New Zealand
Mitchell Santner,Not Out,36,17,3,2,211.76,ODI # 4663,Netherlands vs New Zealand,8,New Zealand
Matt Henry,Not Out,10,4,0,1,250.00,ODI # 4663,Netherlands vs New Zealand,9,New Zealand
Vikramjit Singh,Out,12,20,1,0,60.00,ODI # 4663,Netherlands vs New Zealand,1,Netherlands
Max O'Dowd,Out,16,31,2,0,51.61,ODI # 4663,Netherlands vs New Zealand,2,Netherlands
Colin Ackermann,Out,69,73,5,0,94.52,ODI # 4663,Netherlands vs New Zealand,3,Netherlands
Bas de Leede,Out,18,25,3,0,72.00,ODI # 4663,Netherlands vs New Zealand,4,Netherlands
Teja Nidamanuru,Out,21,26,2,1,80.76,ODI # 4663,Netherlands vs New Zealand,5,Netherlands
Scott Edwards,Out,30,27,2,1,111.11,ODI # 4663,Netherlands vs New Zealand,6,Netherlands
Sybrand Engelbrecht,Out,29,34,3,0,85.29,ODI # 4663,Netherlands vs New Zealand,7,Netherlands
Roelof van der Merwe,Out,1,6,0,0,16.66,ODI # 4663,Netherlands vs New Zealand,8,Netherlands
Ryan Klein,Out,8,15,0,0,53.33,ODI # 4663,Netherlands vs New Zealand,9,Netherlands
Aryan Dutt,Out,11,20,0,1,55.00,ODI # 4663,Netherlands vs New Zealand,10,Netherlands
Paul van Meekeren,Not Out,4,3,1,0,133.33,ODI # 4663,Netherlands vs New Zealand,11,Netherlands
David Warner,Out,41,52,6,0,78.84,ODI # 4662,India vs Australia,1,Australia
Mitchell Marsh,Out,0,6,0,0,0.00,ODI # 4662,India vs Australia,2,Australia
Steven Smith,Out,46,71,5,0,64.78,ODI # 4662,India vs Australia,3,Australia
Marnus Labuschagne,Out,27,41,1,0,65.85,ODI # 4662,India vs Australia,4,Australia
Glenn Maxwell,Out,15,25,1,0,60.00,ODI # 4662,India vs Australia,5,Australia
Alex Carey,Out,0,2,0,0,0.00,ODI # 4662,India vs Australia,6,Australia
Cameron Green,Out,8,20,0,0,40.00,ODI # 4662,India vs Australia,7,Australia
Pat Cummins,Out,15,24,1,1,62.50,ODI # 4662,India vs Australia,8,Australia
Mitchell Starc,Out,28,35,2,1,80.00,ODI # 4662,India vs Australia,9,Australia
Adam Zampa,Out,6,20,0,0,30.00,ODI # 4662,India vs Australia,10,Australia
Josh Hazlewood,Not Out,1,1,0,0,100.00,ODI # 4662,India vs Australia,11,Australia
Rohit Sharma,Out,0,6,0,0,0.00,ODI # 4662,India vs Australia,1,India
Ishan Kishan,Out,0,1,0,0,0.00,ODI # 4662,India vs Australia,2,India
Virat Kohli,Out,85,116,6,0,73.27,ODI # 4662,India vs Australia,3,India
Shreyas Iyer,Out,0,3,0,0,0.00,ODI # 4662,India vs Australia,4,India
KL Rahul,Not Out,97,115,8,2,84.34,ODI # 4662,India vs Australia,5,India
Hardik Pandya,Not Out,11,8,0,1,137.50,ODI # 4662,India vs Australia,6,India
Quinton de Kock,Out,100,84,12,3,119.04,ODI # 4661,South Africa vs Sri Lanka,1,South Africa
Temba Bavuma,Out,8,5,2,0,160.00,ODI # 4661,South Africa vs Sri Lanka,2,South Africa
Rassie van der Dussen,Out,108,110,13,2,98.18,ODI # 4661,South Africa vs Sri Lanka,3,South Africa
Aiden Markram,Out,106,54,14,3,196.29,ODI # 4661,South Africa vs Sri Lanka,4,South Africa
Heinrich Klaasen,Out,32,20,1,3,160.00,ODI # 4661,South Africa vs Sri Lanka,5,South Africa
David Miller,Not Out,39,21,3,2,185.71,ODI # 4661,South Africa vs Sri Lanka,6,South Africa
Marco Jansen,Not Out,12,7,0,1,171.42,ODI # 4661,South Africa vs Sri Lanka,7,South Africa
Pathum Nissanka,Out,0,3,0,0,0.00,ODI # 4661,South Africa vs Sri Lanka,1,Sri Lanka
Kusal Perera,Out,7,15,1,0,46.66,ODI # 4661,South Africa vs Sri Lanka,2,Sri Lanka
Kusal Mendis,Out,76,42,4,8,180.95,ODI # 4661,South Africa vs Sri Lanka,3,Sri Lanka
Sadeera Samarawickrama,Out,23,19,3,1,121.05,ODI # 4661,South Africa vs Sri Lanka,4,Sri Lanka
Charith Asalanka,Out,79,65,8,4,121.53,ODI # 4661,South Africa vs Sri Lanka,5,Sri Lanka
Dhananjaya de Silva,Out,11,14,1,0,78.57,ODI # 4661,South Africa vs Sri Lanka,6,Sri Lanka
Dasun Shanaka,Out,68,62,6,3,109.67,ODI # 4661,South Africa vs Sri Lanka,7,Sri Lanka
Dunith Wellalage,Out,0,1,0,0,0.00,ODI # 4661,South Africa vs Sri Lanka,8,Sri Lanka
Kasun Rajitha,Out,33,31,4,1,106.45,ODI # 4661,South Africa vs Sri Lanka,9,Sri Lanka
Matheesha Pathirana,Out,5,16,1,0,31.25,ODI # 4661,South Africa vs Sri Lanka,10,Sri Lanka
Dilshan Madushanka,Not Out,4,2,1,0,200.00,ODI # 4661,South Africa vs Sri Lanka,11,Sri Lanka
Rahmanullah Gurbaz,Out,47,62,4,1,75.80,ODI # 4660,Afghanistan vs Bangladesh,1,Afghanistan
Ibrahim Zadran,Out,22,25,3,1,88.00,ODI # 4660,Afghanistan vs Bangladesh,2,Afghanistan
Rahmat Shah,Out,18,25,1,0,72.00,ODI # 4660,Afghanistan vs Bangladesh,3,Afghanistan
Hashmatullah Shahidi,Out,18,38,2,0,47.36,ODI # 4660,Afghanistan vs Bangladesh,4,Afghanistan
Najibullah Zadran,Out,5,13,0,0,38.46,ODI # 4660,Afghanistan vs Bangladesh,5,Afghanistan
Mohammad Nabi,Out,6,12,0,0,50.00,ODI # 4660,Afghanistan vs Bangladesh,6,Afghanistan
Azmatullah Omarzai,Out,22,20,4,0,110.00,ODI # 4660,Afghanistan vs Bangladesh,7,Afghanistan
Rashid Khan,Out,9,16,1,0,56.25,ODI # 4660,Afghanistan vs Bangladesh,8,Afghanistan
Mujeeb Ur Rahman,Out,1,4,0,0,25.00,ODI # 4660,Afghanistan vs Bangladesh,9,Afghanistan
Naveen-ul-Haq,Out,0,6,0,0,0.00,ODI # 4660,Afghanistan vs Bangladesh,10,Afghanistan
Fazalhaq Farooqi,Not Out,0,3,0,0,0.00,ODI # 4660,Afghanistan vs Bangladesh,11,Afghanistan
Tanzid Hasan,Out,5,13,1,0,38.46,ODI # 4660,Afghanistan vs Bangladesh,1,Bangladesh
Litton Das,Out,13,18,2,0,72.22,ODI # 4660,Afghanistan vs Bangladesh,2,Bangladesh
Mehidy Hasan Miraz,Out,57,73,5,0,78.08,ODI # 4660,Afghanistan vs Bangladesh,3,Bangladesh
Najmul Hossain Shanto,Not Out,59,83,3,1,71.08,ODI # 4660,Afghanistan vs Bangladesh,4,Bangladesh
Shakib Al Hasan,Out,14,19,2,0,73.68,ODI # 4660,Afghanistan vs Bangladesh,5,Bangladesh
Mushfiqur Rahim,Not Out,2,3,0,0,66.66,ODI # 4660,Afghanistan vs Bangladesh,6,Bangladesh
Fakhar Zaman,Out,12,15,3,0,80.00,ODI # 4659,Netherlands vs Pakistan,1,Pakistan
Imam-ul-Haq,Out,15,19,2,0,78.94,ODI # 4659,Netherlands vs Pakistan,2,Pakistan
Babar Azam,Out,5,18,0,0,27.77,ODI # 4659,Netherlands vs Pakistan,3,Pakistan
Mohammad Rizwan,Out,68,75,8,0,90.66,ODI # 4659,Netherlands vs Pakistan,4,Pakistan
Saud Shakeel,Out,68,52,9,1,130.76,ODI # 4659,Netherlands vs Pakistan,5,Pakistan
Iftikhar Ahmed,Out,9,11,1,0,81.81,ODI # 4659,Netherlands vs Pakistan,6,Pakistan
Mohammad Nawaz,Out,39,43,4,0,90.69,ODI # 4659,Netherlands vs Pakistan,7,Pakistan
Shadab Khan,Out,32,34,2,1,94.11,ODI # 4659,Netherlands vs Pakistan,8,Pakistan
Hasan Ali,Out,0,1,0,0,0.00,ODI # 4659,Netherlands vs Pakistan,9,Pakistan
Shaheen Shah Afridi,Not Out,13,12,2,0,108.33,ODI # 4659,Netherlands vs Pakistan,10,Pakistan
Haris Rauf,Out,16,14,2,1,114.28,ODI # 4659,Netherlands vs Pakistan,11,Pakistan
Vikramjit Singh,Out,52,67,4,1,77.61,ODI # 4659,Netherlands vs Pakistan,1,Netherlands
Max O'Dowd,Out,5,12,1,0,41.66,ODI # 4659,Netherlands vs Pakistan,2,Netherlands
Colin Ackermann,Out,17,21,3,0,80.95,ODI # 4659,Netherlands vs Pakistan,3,Netherlands
Bas de Leede,Out,67,68,6,2,98.52,ODI # 4659,Netherlands vs Pakistan,4,Netherlands
Teja Nidamanuru,Out,5,9,1,0,55.55,ODI # 4659,Netherlands vs Pakistan,5,Netherlands
Scott Edwards,Out,0,2,0,0,0.00,ODI # 4659,Netherlands vs Pakistan,6,Netherlands
Saqib Zulfiqar,Out,10,18,1,0,55.55,ODI # 4659,Netherlands vs Pakistan,7,Netherlands
Roelof van der Merwe,Out,4,7,0,0,57.14,ODI # 4659,Netherlands vs Pakistan,8,Netherlands
Logan van Beek,Not Out,28,28,3,1,100.00,ODI # 4659,Netherlands vs Pakistan,9,Netherlands
Aryan Dutt,Out,1,2,0,0,50.00,ODI # 4659,Netherlands vs Pakistan,10,Netherlands
Paul van Meekeren,Out,7,12,1,0,58.33,ODI # 4659,Netherlands vs Pakistan,11,Netherlands
Jonny Bairstow,Out,33,35,4,1,94.28,ODI # 4658,England vs New Zealand,1,England
Dawid Malan,Out,14,24,2,0,58.33,ODI # 4658,England vs New Zealand,2,England
Joe Root,Out,77,86,4,1,89.53,ODI # 4658,England vs New Zealand,3,England
Harry Brook,Out,25,16,4,1,156.25,ODI # 4658,England vs New Zealand,4,England
Moeen Ali,Out,11,17,1,0,64.70,ODI # 4658,England vs New Zealand,5,England
Jos Buttler,Out,43,42,2,2,102.38,ODI # 4658,England vs New Zealand,6,England
Liam Livingstone,Out,20,22,3,0,90.90,ODI # 4658,England vs New Zealand,7,England
Sam Curran,Out,14,19,0,0,73.68,ODI # 4658,England vs New Zealand,8,England
Chris Woakes,Out,11,12,1,0,91.66,ODI # 4658,England vs New Zealand,9,England
Adil Rashid,Not Out,15,13,0,1,115.38,ODI # 4658,England vs New Zealand,10,England
Mark Wood,Not Out,13,14,0,0,92.85,ODI # 4658,England vs New Zealand,11,England
Devon Conway,Not Out,152,121,19,3,125.61,ODI # 4658,England vs New Zealand,1,New Zealand
Will Young,Out,0,1,0,0,0.00,ODI # 4658,England vs New Zealand,2,New Zealand
Rachin Ravindra,Not Out,123,96,11,5,128.12,ODI # 4658,England vs New Zealand,3,New Zealand
